dimension,horizon,held_out_function,reward,best_config_found,config_id,mean_rank,test_config_found,test_status,score,best_regret,final_regret,mean_budget_fraction_used,mean_remaining_movement_budget,mean_total_raw_move_cost,std_total_raw_move_cost,mean_total_scaled_move_cost,std_total_scaled_move_cost
3,3,ackley,earlbo,False,nan,nan,True,ok,0.037629074569305455,0.037629074569305455,0.037629074569305455,nan,nan,4.695575240082474,0.9278912571257287,4.695575240082474,0.9278912571257281
3,3,ackley,snake,False,nan,nan,False,,nan,nan,nan,nan,nan,nan,nan,nan,nan
3,3,ackley,log_improvement,True,0,1.75,True,ok,0.0404427147259819,0.0404427147259819,0.0404427147259819,nan,nan,5.247666450651741,1.8837559719501231,5.247666450651742,1.8837559719501236
3,3,ackley,normalized_improvement,False,nan,nan,False,,nan,nan,nan,nan,nan,nan,nan,nan,nan
3,3,ackley,optimistic_improvement,True,2,1.5,True,ok,0.030766890654373658,0.030766890654373658,0.030766890654373658,nan,nan,4.615420139645353,1.2551153687833858,4.615420139645353,1.2551153687833856
3,3,ackley,budgeted_exploration,True,0,2.5,True,ok,0.05251888282171935,0.05251888282171935,0.05251888282171935,0.6944720864230804,1.434629306145842,3.2609459339366325,0.2140610445817755,3.2609459339366325,0.2140610445817757
3,3,ackley,lookahead_budgeted_exploration,False,nan,nan,False,,nan,nan,nan,nan,nan,nan,nan,nan,nan
3,3,ackley,pure_bo,False,nan,nan,True,ok,0.22870604282765136,0.22870604282765136,0.22870604282765136,nan,nan,26.24812289630493,6.333284500795374,26.24812289630493,6.333284500795374
3,3,sphere,earlbo,False,nan,nan,True,ok,0.00019727507276545088,0.00019727507276545088,0.00019727507276545088,nan,nan,4.57488693134837,0.09580109999310932,4.57488693134837,0.09580109999310968
3,3,sphere,snake,False,nan,nan,False,,nan,nan,nan,nan,nan,nan,nan,nan,nan
3,3,sphere,log_improvement,True,1,1.75,True,ok,0.00015136578816409355,0.00015136578816409355,0.00015136578816409355,nan,nan,4.728924602754257,0.4000318432562456,4.728924602754257,0.4000318432562456
3,3,sphere,normalized_improvement,False,nan,nan,False,,nan,nan,nan,nan,nan,nan,nan,nan,nan
3,3,sphere,optimistic_improvement,True,2,1.5,True,ok,0.00014556546147488444,0.00014556546147488444,0.00014556546147488444,nan,nan,4.605311306592765,0.24072562201401063,4.605311306592765,0.24072562201401018
3,3,sphere,budgeted_exploration,True,0,2.75,True,ok,0.00017768638310094412,0.00017768638310094412,0.00017768638310094412,0.4057146937785545,2.7187880809248557,1.8560988504235152,0.2023405195101549,1.8560988504235147,0.20234051951015475
3,3,sphere,lookahead_budgeted_exploration,False,nan,nan,False,,nan,nan,nan,nan,nan,nan,nan,nan,nan
3,3,sphere,pure_bo,False,nan,nan,True,ok,0.006737960578274292,0.006737960578274292,0.006737960578274292,nan,nan,12.471133131475753,1.5638379030591718,12.471133131475753,1.5638379030591718
3,3,sum_square,earlbo,False,nan,nan,True,ok,0.0009330194473508415,0.0009330194473508415,0.0009330194473508415,nan,nan,4.652602972100454,0.41800707802517567,4.652602972100453,0.41800707802517534
3,3,sum_square,snake,False,nan,nan,False,,nan,nan,nan,nan,nan,nan,nan,nan,nan
3,3,sum_square,log_improvement,True,2,1.75,True,ok,0.000330466839534235,0.000330466839534235,0.000330466839534235,nan,nan,4.5889474509191,0.24547693768026513,4.5889474509191,0.24547693768026513
3,3,sum_square,normalized_improvement,False,nan,nan,False,,nan,nan,nan,nan,nan,nan,nan,nan,nan
3,3,sum_square,optimistic_improvement,True,2,1.5,True,ok,0.00014773420103913172,0.00014773420103913172,0.00014773420103913172,nan,nan,4.75496007913383,0.6476055377730716,4.75496007913383,0.6476055377730716
3,3,sum_square,budgeted_exploration,True,0,2.75,True,ok,0.00030387943955983624,0.0002633772570355002,0.0002633772570355002,0.40884234196310354,2.750421876762408,1.9021810953380454,0.1318154045199252,1.9021810953380456,0.13181540451992524
3,3,sum_square,lookahead_budgeted_exploration,False,nan,nan,False,,nan,nan,nan,nan,nan,nan,nan,nan,nan
3,3,sum_square,pure_bo,False,nan,nan,True,ok,0.01789513815473406,0.01789513815473406,0.01789513815473406,nan,nan,13.777621690433605,1.1771076595636933,13.777621690433605,1.1771076595636936
3,3,levy,earlbo,False,nan,nan,True,ok,1.7096025664051817e-05,1.7096025664051817e-05,1.7096025664051817e-05,nan,nan,4.9138906287874216,0.5171701707258314,4.9138906287874216,0.5171701707258316
3,3,levy,snake,False,nan,nan,False,,nan,nan,nan,nan,nan,nan,nan,nan,nan
3,3,levy,log_improvement,True,2,1.75,True,ok,0.04265542711860335,0.04265542711860335,0.04265542711860335,nan,nan,5.724979653682774,1.415019452090124,5.724979653682774,1.415019452090124
3,3,levy,normalized_improvement,False,nan,nan,False,,nan,nan,nan,nan,nan,nan,nan,nan,nan
3,3,levy,optimistic_improvement,True,1,1.75,True,ok,0.028010144456618154,0.02801014445661815,0.02801014445661815,nan,nan,5.743421349896356,1.5553721529419695,5.743421349896358,1.555372152941969
3,3,levy,budgeted_exploration,True,1,1.5,True,ok,0.10463817109707649,0.1046381710970765,0.1046381710970765,0.9999999999999997,8.881784197001252e-16,4.913890628787421,1.1466334093198022e-15,4.913890628787421,7.251946429389431e-16
3,3,levy,lookahead_budgeted_exploration,False,nan,nan,False,,nan,nan,nan,nan,nan,nan,nan,nan,nan
3,3,levy,pure_bo,False,nan,nan,True,ok,0.004019060820928694,0.004019060820928694,0.004019060820928694,nan,nan,12.979066599681987,1.5365408202980748,12.979066599681987,1.5365408202980753
3,3,rosenbrock,earlbo,False,nan,nan,True,ok,0.48154707085326054,0.48154707085326054,0.48154707085326054,nan,nan,13.285269602811596,3.588076849136963,13.285269602811596,3.5880768491369626
3,3,rosenbrock,snake,False,nan,nan,False,,nan,nan,nan,nan,nan,nan,nan,nan,nan
3,3,rosenbrock,log_improvement,True,1,1.75,True,ok,0.8361229500579433,0.8348402320157519,0.8348402320157519,nan,nan,10.20588834204351,1.2530122140010467,10.20588834204351,1.253012214001047
3,3,rosenbrock,normalized_improvement,False,nan,nan,False,,nan,nan,nan,nan,nan,nan,nan,nan,nan
3,3,rosenbrock,optimistic_improvement,True,2,1.75,True,ok,0.6180004395593262,0.5734385990856279,0.5734385990856279,nan,nan,12.162650894432025,1.5276569343098942,12.162650894432026,1.5276569343098947
3,3,rosenbrock,budgeted_exploration,True,0,3.0,True,ok,1.6350039432629202,1.6350039432629204,1.6350039432629204,0.48901024796435205,6.788636620067428,6.496632982744164,0.9458719427144108,6.496632982744167,0.945871942714411
3,3,rosenbrock,lookahead_budgeted_exploration,False,nan,nan,False,,nan,nan,nan,nan,nan,nan,nan,nan,nan
3,3,rosenbrock,pure_bo,False,nan,nan,True,ok,0.320294603349201,0.320294603349201,0.320294603349201,nan,nan,24.522417619433707,1.3786092488589352,24.522417619433707,1.3786092488589352
3,5,ackley,earlbo,False,nan,nan,True,ok,0.04342069336399653,0.04342069336399653,0.04342069336399653,nan,nan,4.07843049289264,0.6927214317610355,4.07843049289264,0.692721431761036
3,5,ackley,snake,False,nan,nan,False,,nan,nan,nan,nan,nan,nan,nan,nan,nan
3,5,ackley,log_improvement,True,2,1.25,True,ok,0.02820241426369489,0.02820241426369489,0.02820241426369489,nan,nan,4.696161613368998,0.9877672656864186,4.696161613368999,0.9877672656864191
3,5,ackley,normalized_improvement,False,nan,nan,False,,nan,nan,nan,nan,nan,nan,nan,nan,nan
3,5,ackley,optimistic_improvement,True,0,2.0,True,ok,0.045683488610766876,0.045683488610766876,0.045683488610766876,nan,nan,3.7902399063324963,0.664120790754073,3.7902399063324963,0.6641207907540724
3,5,ackley,budgeted_exploration,True,0,2.25,True,ok,0.06660373147553662,0.05503083564754071,0.05503083564754071,0.7165252106701697,1.1561322247690964,2.922298268123543,0.05941385256092283,2.922298268123543,0.059413852560922686
3,5,ackley,lookahead_budgeted_exploration,False,nan,nan,False,,nan,nan,nan,nan,nan,nan,nan,nan,nan
3,5,ackley,pure_bo,False,nan,nan,True,ok,0.22870604282765136,0.22870604282765136,0.22870604282765136,nan,nan,26.24812289630493,6.333284500795374,26.24812289630493,6.333284500795374
3,5,sphere,earlbo,False,nan,nan,True,ok,0.00022951313638062452,0.00022951313638062452,0.00022951313638062452,nan,nan,4.157655280900634,0.26855684891411247,4.157655280900635,0.2685568489141123
3,5,sphere,snake,False,nan,nan,False,,nan,nan,nan,nan,nan,nan,nan,nan,nan
3,5,sphere,log_improvement,True,2,1.5,True,ok,4.8862084006413006e-05,4.8862084006413006e-05,4.8862084006413006e-05,nan,nan,4.512166476622812,0.1811995264500022,4.512166476622812,0.1811995264500022
3,5,sphere,normalized_improvement,False,nan,nan,False,,nan,nan,nan,nan,nan,nan,nan,nan,nan
3,5,sphere,optimistic_improvement,True,0,1.75,True,ok,0.00010621943809657846,0.00010140236732426794,0.00010140236732426794,nan,nan,4.512151758540218,0.23830819801402564,4.512151758540219,0.23830819801402528
3,5,sphere,budgeted_exploration,True,0,2.25,True,ok,0.00012737744601271233,0.00012737744601271233,0.00012737744601271233,0.40014969748273627,2.4939707780107447,1.6636845028898903,0.06860935671391888,1.6636845028898897,0.06860935671391906
3,5,sphere,lookahead_budgeted_exploration,False,nan,nan,False,,nan,nan,nan,nan,nan,nan,nan,nan,nan
3,5,sphere,pure_bo,False,nan,nan,True,ok,0.006737960578274292,0.006737960578274292,0.006737960578274292,nan,nan,12.471133131475753,1.5638379030591718,12.471133131475753,1.5638379030591718
3,5,sum_square,earlbo,False,nan,nan,True,ok,0.0004697716059967717,0.0004697716059967717,0.0004697716059967717,nan,nan,4.480352437797678,0.09435530539926773,4.480352437797678,0.09435530539926806
3,5,sum_square,snake,False,nan,nan,False,,nan,nan,nan,nan,nan,nan,nan,nan,nan
3,5,sum_square,log_improvement,True,2,1.5,True,ok,0.00015577377473963307,0.00014772737593845547,0.00014772737593845547,nan,nan,4.966944340044591,0.2693148274697812,4.966944340044591,0.2693148274697812
3,5,sum_square,normalized_improvement,False,nan,nan,False,,nan,nan,nan,nan,nan,nan,nan,nan,nan
3,5,sum_square,optimistic_improvement,True,0,1.75,True,ok,0.00022936417178683454,0.00022936417178683456,0.00022936417178683456,nan,nan,4.736459103567378,0.12081132590921512,4.736459103567378,0.12081132590921494
3,5,sum_square,budgeted_exploration,True,0,2.25,True,ok,0.000267489117422301,0.000267489117422301,0.000267489117422301,0.400133983715598,2.6876111684118023,1.7927412693858755,0.14615207032279762,1.7927412693858755,0.1461520703227977
3,5,sum_square,lookahead_budgeted_exploration,False,nan,nan,False,,nan,nan,nan,nan,nan,nan,nan,nan,nan
3,5,sum_square,pure_bo,False,nan,nan,True,ok,0.01789513815473406,0.01789513815473406,0.01789513815473406,nan,nan,13.777621690433605,1.1771076595636933,13.777621690433605,1.1771076595636936
3,5,levy,earlbo,False,nan,nan,True,ok,4.001253949546984e-06,4.001253949546984e-06,4.001253949546984e-06,nan,nan,4.266840451128506,0.24510044943438886,4.266840451128506,0.24510044943438913
3,5,levy,snake,False,nan,nan,False,,nan,nan,nan,nan,nan,nan,nan,nan,nan
3,5,levy,log_improvement,True,2,1.5,True,ok,0.041155118534487965,0.041155118534487965,0.041155118534487965,nan,nan,5.154525821884717,0.9597402603962019,5.154525821884716,0.959740260396201
3,5,levy,normalized_improvement,False,nan,nan,False,,nan,nan,nan,nan,nan,nan,nan,nan,nan
3,5,levy,optimistic_improvement,True,2,1.75,True,ok,0.04397209301741033,0.04379446180456233,0.04379446180456233,nan,nan,5.423309356636871,0.7839855272160275,5.423309356636871,0.7839855272160279
3,5,levy,budgeted_exploration,True,1,1.5,True,ok,0.10996065749637454,0.10996065749637453,0.10996065749637453,1.0,2.9605947323337506e-16,4.266840451128505,8.881784197001252e-16,4.266840451128505,7.251946429389431e-16
3,5,levy,lookahead_budgeted_exploration,False,nan,nan,False,,nan,nan,nan,nan,nan,nan,nan,nan,nan
3,5,levy,pure_bo,False,nan,nan,True,ok,0.004019060820928694,0.004019060820928694,0.004019060820928694,nan,nan,12.979066599681987,1.5365408202980748,12.979066599681987,1.5365408202980753
3,5,rosenbrock,earlbo,False,nan,nan,True,ok,0.9649509829340094,0.9649509829340094,0.9649509829340094,nan,nan,10.714200210197054,1.2053031694674043,10.714200210197056,1.2053031694674052
3,5,rosenbrock,snake,False,nan,nan,False,,nan,nan,nan,nan,nan,nan,nan,nan,nan
3,5,rosenbrock,log_improvement,True,2,1.25,True,ok,0.8626227782237187,0.7899072259674602,0.7899072259674602,nan,nan,9.861872153135177,0.5831404830638708,9.86187215313518,0.5831404830638703
3,5,rosenbrock,normalized_improvement,False,nan,nan,False,,nan,nan,nan,nan,nan,nan,nan,nan,nan
3,5,rosenbrock,optimistic_improvement,True,2,1.5,True,ok,0.9871027376850995,0.9718746231976546,0.9718746231976546,nan,nan,9.962750723721046,1.1091679791112559,9.962750723721046,1.1091679791112559
3,5,rosenbrock,budgeted_exploration,True,0,2.5,True,ok,1.3426973994929003,1.3426973994929003,1.3426973994929003,0.49129629047253603,5.450353391547178,5.263846818649879,0.299628540337113,5.2638468186498795,0.29962854033711345
3,5,rosenbrock,lookahead_budgeted_exploration,False,nan,nan,False,,nan,nan,nan,nan,nan,nan,nan,nan,nan
3,5,rosenbrock,pure_bo,False,nan,nan,True,ok,0.320294603349201,0.320294603349201,0.320294603349201,nan,nan,24.522417619433707,1.3786092488589352,24.522417619433707,1.3786092488589352
5,3,ackley,earlbo,False,nan,nan,True,ok,0.10605547476435644,0.10605547476435644,0.10605547476435644,nan,nan,9.633789436798454,0.07249716440569619,9.633789436798454,0.07249716440569619
5,3,ackley,snake,False,nan,nan,False,,nan,nan,nan,nan,nan,nan,nan,nan,nan
5,3,ackley,log_improvement,True,2,1.75,True,ok,0.09417951757328351,0.09417951757328351,0.09417951757328351,nan,nan,9.80175692840943,0.44236604605330526,9.80175692840943,0.44236604605330543
5,3,ackley,normalized_improvement,False,nan,nan,False,,nan,nan,nan,nan,nan,nan,nan,nan,nan
5,3,ackley,optimistic_improvement,True,0,1.75,True,ok,0.08346972587453101,0.08346972587453101,0.08346972587453101,nan,nan,9.754088295537601,0.3142203854058476,9.7540882955376,0.31422038540584823
5,3,ackley,budgeted_exploration,True,1,3.25,True,ok,0.12493748884419867,0.12349617582091972,0.12349617582091972,0.5594230465593099,4.244425600153765,5.389363836644687,0.023065912428413222,5.389363836644687,0.023065912428413257
5,3,ackley,lookahead_budgeted_exploration,False,nan,nan,False,,nan,nan,nan,nan,nan,nan,nan,nan,nan
5,3,ackley,pure_bo,False,nan,nan,True,ok,0.7307806868984751,0.7307806868984751,0.7307806868984751,nan,nan,44.259202604456284,4.074113817225308,44.259202604456284,4.074113817225307
5,3,sphere,earlbo,False,nan,nan,True,ok,0.0012989944597838591,0.0012989944597838591,0.0012989944597838591,nan,nan,9.447023351841025,0.48142325608719216,9.447023351841025,0.48142325608719216
5,3,sphere,snake,False,nan,nan,False,,nan,nan,nan,nan,nan,nan,nan,nan,nan
5,3,sphere,log_improvement,True,2,1.75,True,ok,0.0004602721001056094,0.0004602721001056094,0.0004602721001056094,nan,nan,8.99672475034256,0.7368291664070321,8.99672475034256,0.7368291664070314
5,3,sphere,normalized_improvement,False,nan,nan,False,,nan,nan,nan,nan,nan,nan,nan,nan,nan
5,3,sphere,optimistic_improvement,True,0,2.0,True,ok,0.0007349597850271686,0.0007349597850271686,0.0007349597850271686,nan,nan,9.18067768746137,1.001281272688839,9.18067768746137,1.001281272688839
5,3,sphere,budgeted_exploration,True,2,4.0,True,ok,0.0008404895731855333,0.0008404895731855331,0.0008404895731855331,0.42253878937049333,5.455289541599338,3.991733810241687,0.11806750784791627,3.991733810241687,0.11806750784791627
5,3,sphere,lookahead_budgeted_exploration,False,nan,nan,False,,nan,nan,nan,nan,nan,nan,nan,nan,nan
5,3,sphere,pure_bo,False,nan,nan,True,ok,0.022734403863012217,0.022734403863012217,0.022734403863012217,nan,nan,20.525490242351292,6.393011579304317,20.525490242351292,6.393011579304317
5,3,sum_square,earlbo,False,nan,nan,True,ok,0.007568411824645558,0.007568411824645558,0.007568411824645558,nan,nan,10.316342437264188,0.1506246017829568,10.316342437264188,0.1506246017829568
5,3,sum_square,snake,False,nan,nan,False,,nan,nan,nan,nan,nan,nan,nan,nan,nan
5,3,sum_square,log_improvement,True,2,1.25,True,ok,0.002376969627964342,0.002376969627964342,0.002376969627964342,nan,nan,9.850167741211022,0.7679730316012114,9.850167741211022,0.7679730316012114
5,3,sum_square,normalized_improvement,False,nan,nan,False,,nan,nan,nan,nan,nan,nan,nan,nan,nan
5,3,sum_square,optimistic_improvement,True,0,1.75,True,ok,0.0021297138301158715,0.0021297138301158715,0.0021297138301158715,nan,nan,10.430673129647168,0.5297246712875017,10.430673129647168,0.5297246712875017
5,3,sum_square,budgeted_exploration,True,2,3.5,True,ok,0.003138060763280788,0.002376955136560862,0.002376955136560862,0.5111974972184056,5.042654002886709,5.273688434377479,0.5783498365260136,5.273688434377479,0.5783498365260132
5,3,sum_square,lookahead_budgeted_exploration,False,nan,nan,False,,nan,nan,nan,nan,nan,nan,nan,nan,nan
5,3,sum_square,pure_bo,False,nan,nan,True,ok,0.050193139855652276,0.050193139855652276,0.050193139855652276,nan,nan,21.551676152413858,2.351073924480849,21.551676152413858,2.351073924480849
5,3,levy,earlbo,False,nan,nan,True,ok,0.0064695446536742335,0.0064695446536742335,0.0064695446536742335,nan,nan,8.80509540221995,0.6460549022542429,8.80509540221995,0.6460549022542443
5,3,levy,snake,False,nan,nan,False,,nan,nan,nan,nan,nan,nan,nan,nan,nan
5,3,levy,log_improvement,True,2,1.75,True,ok,0.07877140783140062,0.07805831045441446,0.07805831045441446,nan,nan,13.865636404082528,1.627597128330607,13.865636404082528,1.6275971283306054
5,3,levy,normalized_improvement,False,nan,nan,False,,nan,nan,nan,nan,nan,nan,nan,nan,nan
5,3,levy,optimistic_improvement,True,0,1.75,True,ok,0.05327717790218649,0.05033415379281625,0.05033415379281625,nan,nan,14.063223122928195,1.512324692299552,14.063223122928198,1.512324692299551
5,3,levy,budgeted_exploration,True,1,2.25,True,ok,0.2258356199795549,0.2258356199795549,0.2258356199795549,0.8315854822166532,1.4829058962012382,7.32218950601871,1.1222903162935545,7.322189506018712,1.1222903162935556
5,3,levy,lookahead_budgeted_exploration,False,nan,nan,False,,nan,nan,nan,nan,nan,nan,nan,nan,nan
5,3,levy,pure_bo,False,nan,nan,True,ok,0.064337839124198,0.064337839124198,0.064337839124198,nan,nan,22.479225895588893,2.0037016809103787,22.479225895588893,2.0037016809103787
5,3,rosenbrock,earlbo,False,nan,nan,True,ok,3.6425488645617983,3.6425488645617983,3.6425488645617983,nan,nan,19.134063651192022,1.9695993581503086,19.134063651192022,1.9695993581503086
5,3,rosenbrock,snake,False,nan,nan,False,,nan,nan,nan,nan,nan,nan,nan,nan,nan
5,3,rosenbrock,log_improvement,True,2,1.5,True,ok,3.5491195074093405,3.5491195074093405,3.5491195074093405,nan,nan,16.90704610533668,1.1515261050105152,16.90704610533668,1.1515261050105152
5,3,rosenbrock,normalized_improvement,False,nan,nan,False,,nan,nan,nan,nan,nan,nan,nan,nan,nan
5,3,rosenbrock,optimistic_improvement,True,0,1.75,True,ok,3.4488386704754417,3.384456976103196,3.384456976103196,nan,nan,16.69475284540623,2.5174917919719504,16.69475284540623,2.5174917919719504
5,3,rosenbrock,budgeted_exploration,True,0,3.75,True,ok,4.614361586297629,4.280285885041083,4.280285885041083,0.43604429050674715,10.790764441897059,8.343299209294965,0.484969018775871,8.343299209294964,0.4849690187758708
5,3,rosenbrock,lookahead_budgeted_exploration,False,nan,nan,False,,nan,nan,nan,nan,nan,nan,nan,nan,nan
5,3,rosenbrock,pure_bo,False,nan,nan,True,ok,1.3562113526398833,1.3562113526398833,1.3562113526398833,nan,nan,46.05849812118509,3.3433946590307198,46.05849812118509,3.3433946590307198
5,5,ackley,earlbo,False,nan,nan,False,,nan,nan,nan,nan,nan,nan,nan,nan,nan
5,5,ackley,snake,False,nan,nan,False,,nan,nan,nan,nan,nan,nan,nan,nan,nan
5,5,ackley,log_improvement,True,2,1.25,True,ok,0.043141895512791205,0.043141895512791205,0.043141895512791205,nan,nan,7.692755417142955,0.3505375069456109,7.692755417142956,0.35053750694561137
5,5,ackley,normalized_improvement,False,nan,nan,False,,nan,nan,nan,nan,nan,nan,nan,nan,nan
5,5,ackley,optimistic_improvement,True,0,2.0,True,ok,0.08796831070600246,0.08796831070600246,0.08796831070600246,nan,nan,9.282299038496467,0.7322724468916566,9.282299038496467,0.732272446891656
5,5,ackley,budgeted_exploration,True,2,3.0,True,ok,0.100601265917115,0.100601265917115,0.100601265917115,0.4879802397401005,4.6526953327730345,4.434249535158121,0.2296384049847886,4.434249535158121,0.22963840498478932
5,5,ackley,lookahead_budgeted_exploration,False,nan,nan,False,,nan,nan,nan,nan,nan,nan,nan,nan,nan
5,5,ackley,pure_bo,False,nan,nan,True,ok,0.7307806868984751,0.7307806868984751,0.7307806868984751,nan,nan,44.259202604456284,4.074113817225308,44.259202604456284,4.074113817225307
5,5,sphere,earlbo,False,nan,nan,True,ok,0.0013214695316084606,0.0013214695316084606,0.0013214695316084606,nan,nan,9.164421236788757,0.3426657019210959,9.164421236788757,0.3426657019210959
5,5,sphere,snake,False,nan,nan,False,,nan,nan,nan,nan,nan,nan,nan,nan,nan
5,5,sphere,log_improvement,True,2,1.25,True,ok,0.0003450600197804821,0.0003450600197804821,0.0003450600197804821,nan,nan,8.119608734156593,0.4134686291123663,8.119608734156593,0.4134686291123667
5,5,sphere,normalized_improvement,False,nan,nan,False,,nan,nan,nan,nan,nan,nan,nan,nan,nan
5,5,sphere,optimistic_improvement,True,0,2.0,True,ok,0.000657265864286711,0.000657265864286711,0.000657265864286711,nan,nan,9.246323470790566,0.5026810588542071,9.246323470790564,0.5026810588542064
5,5,sphere,budgeted_exploration,True,2,3.75,True,ok,0.000994671147302513,0.0009577564504217334,0.0009577564504217334,0.3891342508427333,5.598231044403729,3.566190192385027,0.05256505520712082,3.566190192385027,0.05256505520712082
5,5,sphere,lookahead_budgeted_exploration,False,nan,nan,False,,nan,nan,nan,nan,nan,nan,nan,nan,nan
5,5,sphere,pure_bo,False,nan,nan,True,ok,0.022734403863012217,0.022734403863012217,0.022734403863012217,nan,nan,20.525490242351292,6.393011579304317,20.525490242351292,6.393011579304317
5,5,sum_square,earlbo,False,nan,nan,True,ok,0.002899218211770178,0.002899218211770178,0.002899218211770178,nan,nan,10.821548364478367,1.0881741604107649,10.82154836447837,1.088174160410764
5,5,sum_square,snake,False,nan,nan,False,,nan,nan,nan,nan,nan,nan,nan,nan,nan
5,5,sum_square,log_improvement,True,2,1.0,True,ok,0.0012599883178304723,0.0012599883178304723,0.0012599883178304723,nan,nan,9.886825825736041,0.900285165612432,9.886825825736041,0.9002851656124315
5,5,sum_square,normalized_improvement,False,nan,nan,False,,nan,nan,nan,nan,nan,nan,nan,nan,nan
5,5,sum_square,optimistic_improvement,True,2,1.75,True,ok,0.001007556790644757,0.001007556790644757,0.001007556790644757,nan,nan,9.568616989659695,0.16692269853157,9.568616989659695,0.1669226985315709
5,5,sum_square,budgeted_exploration,True,2,3.75,True,ok,0.0032162062122708763,0.0032162062122708768,0.0032162062122708768,0.41409665963506886,6.3403813346685345,4.4811670298098365,0.20866135622457593,4.4811670298098365,0.20866135622457593
5,5,sum_square,lookahead_budgeted_exploration,False,nan,nan,False,,nan,nan,nan,nan,nan,nan,nan,nan,nan
5,5,sum_square,pure_bo,False,nan,nan,True,ok,0.050193139855652276,0.050193139855652276,0.050193139855652276,nan,nan,21.551676152413858,2.351073924480849,21.551676152413858,2.351073924480849
5,5,levy,earlbo,False,nan,nan,True,ok,0.0034223086581370217,0.0034223086581370217,0.0034223086581370217,nan,nan,6.91436154695436,0.7453404134006436,6.91436154695436,0.7453404134006438
5,5,levy,snake,False,nan,nan,False,,nan,nan,nan,nan,nan,nan,nan,nan,nan
5,5,levy,log_improvement,True,2,1.25,True,ok,0.04906805057638507,0.04683084358300907,0.04683084358300907,nan,nan,11.89480866996007,1.6220970517279514,11.89480866996007,1.6220970517279523
5,5,levy,normalized_improvement,False,nan,nan,False,,nan,nan,nan,nan,nan,nan,nan,nan,nan
5,5,levy,optimistic_improvement,True,1,1.5,True,ok,0.051845128897637704,0.05109763891850785,0.05109763891850785,nan,nan,12.611284564890193,0.3017689030149014,12.611284564890191,0.3017689030149008
5,5,levy,budgeted_exploration,True,1,2.5,True,ok,0.26748000744583955,0.2657228361353055,0.2657228361353055,0.9623057424089697,0.26063172522841277,6.653729821725946,0.31740969918468914,6.653729821725946,0.31740969918468953
5,5,levy,lookahead_budgeted_exploration,False,nan,nan,False,,nan,nan,nan,nan,nan,nan,nan,nan,nan
5,5,levy,pure_bo,False,nan,nan,True,ok,0.064337839124198,0.064337839124198,0.064337839124198,nan,nan,22.479225895588893,2.0037016809103787,22.479225895588893,2.0037016809103787
5,5,rosenbrock,earlbo,False,nan,nan,True,ok,3.6385712232016947,3.6385712232016947,3.6385712232016947,nan,nan,21.56365402349839,4.278476356628418,21.56365402349839,4.278476356628418
5,5,rosenbrock,snake,False,nan,nan,False,,nan,nan,nan,nan,nan,nan,nan,nan,nan
5,5,rosenbrock,log_improvement,True,2,1.25,True,ok,3.4972061634760103,3.357916674653435,3.357916674653435,nan,nan,14.717345515345386,1.5328467889354125,14.717345515345386,1.5328467889354125
5,5,rosenbrock,normalized_improvement,False,nan,nan,False,,nan,nan,nan,nan,nan,nan,nan,nan,nan
5,5,rosenbrock,optimistic_improvement,True,1,1.5,True,ok,4.356620636579641,4.356620636579641,4.356620636579641,nan,nan,15.8164600974907,2.1735178203879344,15.816460097490703,2.173517820387936
5,5,rosenbrock,budgeted_exploration,True,0,3.25,True,ok,5.311659451766275,5.284015753534324,5.284015753534324,0.32145339839507997,14.631944155829089,6.931709867669297,0.6327638750404501,6.931709867669297,0.6327638750404496
5,5,rosenbrock,lookahead_budgeted_exploration,False,nan,nan,False,,nan,nan,nan,nan,nan,nan,nan,nan,nan
5,5,rosenbrock,pure_bo,False,nan,nan,True,ok,1.3562113526398833,1.3562113526398833,1.3562113526398833,nan,nan,46.05849812118509,3.3433946590307198,46.05849812118509,3.3433946590307198
10,3,ackley,earlbo,False,nan,nan,True,ok,0.5366152938001147,0.5366152938001147,0.5366152938001147,nan,nan,17.793271019215055,1.384940715437244,17.793271019215055,1.3849407154372455
10,3,ackley,snake,False,nan,nan,False,,nan,nan,nan,nan,nan,nan,nan,nan,nan
10,3,ackley,log_improvement,True,2,1.75,True,ok,0.18886669011117993,0.1848352254356939,0.1848352254356939,nan,nan,13.044388524246747,1.9890037499917546,13.044388524246747,1.9890037499917546
10,3,ackley,normalized_improvement,False,nan,nan,False,,nan,nan,nan,nan,nan,nan,nan,nan,nan
10,3,ackley,optimistic_improvement,True,2,1.0,True,ok,0.16036699035844673,0.16036699035844673,0.16036699035844673,nan,nan,11.13858320251046,2.2553437370804135,11.138583202510459,2.2553437370804126
10,3,ackley,budgeted_exploration,True,1,2.5,True,ok,0.2701856697791972,0.2648292306841277,0.2648292306841277,0.4408955470674288,9.948297059079207,7.844973960135849,0.39761767720399654,7.844973960135849,0.39761767720399677
10,3,ackley,lookahead_budgeted_exploration,False,nan,nan,False,,nan,nan,nan,nan,nan,nan,nan,nan,nan
10,3,ackley,pure_bo,False,nan,nan,True,ok,1.0515207277319043,1.0515207277319043,1.0515207277319043,nan,nan,39.840671619908356,16.721586247021648,39.840671619908356,16.721586247021644
10,3,sphere,earlbo,False,nan,nan,True,ok,0.021692947926061495,0.021692947926061495,0.021692947926061495,nan,nan,18.37530580100345,0.8308484430398688,18.37530580100345,0.8308484430398673
10,3,sphere,snake,False,nan,nan,False,,nan,nan,nan,nan,nan,nan,nan,nan,nan
10,3,sphere,log_improvement,True,2,1.75,True,ok,0.009126420071138883,0.009126420071138883,0.009126420071138883,nan,nan,18.441286630797407,1.3110285474203065,18.441286630797407,1.311028547420305
10,3,sphere,normalized_improvement,False,nan,nan,False,,nan,nan,nan,nan,nan,nan,nan,nan,nan
10,3,sphere,optimistic_improvement,True,2,1.0,True,ok,0.006897076211274509,0.006897076211274509,0.006897076211274509,nan,nan,18.65634716218196,0.3569918371719917,18.65634716218196,0.3569918371719917
10,3,sphere,budgeted_exploration,True,2,1.75,True,ok,0.006465206989256349,0.006465206989256349,0.006465206989256349,0.42144687402376846,10.631090611939731,7.744215189063724,0.19646845871587915,7.744215189063724,0.1964684587158787
10,3,sphere,lookahead_budgeted_exploration,False,nan,nan,False,,nan,nan,nan,nan,nan,nan,nan,nan,nan
10,3,sphere,pure_bo,False,nan,nan,True,ok,0.04152534289682982,0.04152534289682982,0.04152534289682982,nan,nan,71.16400104941967,21.21685706826216,71.16400104941967,21.21685706826216
10,3,sum_square,earlbo,False,nan,nan,True,ok,0.10835838158574496,0.10835838158574496,0.10835838158574496,nan,nan,20.170784895792536,2.990588255450961,20.17078489579254,2.9905882554509606
10,3,sum_square,snake,False,nan,nan,False,,nan,nan,nan,nan,nan,nan,nan,nan,nan
10,3,sum_square,log_improvement,True,0,1.75,True,ok,0.049402700488159604,0.04376532488563673,0.04376532488563673,nan,nan,16.872145064672633,1.7662238262436858,16.872145064672633,1.7662238262436858
10,3,sum_square,normalized_improvement,False,nan,nan,False,,nan,nan,nan,nan,nan,nan,nan,nan,nan
10,3,sum_square,optimistic_improvement,True,2,1.0,True,ok,0.04026636635020042,0.04026636635020042,0.04026636635020042,nan,nan,19.931846372599278,0.9885433241896319,19.931846372599274,0.9885433241896305
10,3,sum_square,budgeted_exploration,True,1,3.0,True,ok,0.07372595672630362,0.07372595672630362,0.07372595672630362,0.4084999687647157,11.931019895901487,8.239764999891053,0.202267804805417,8.239764999891053,0.20226780480541828
10,3,sum_square,lookahead_budgeted_exploration,False,nan,nan,False,,nan,nan,nan,nan,nan,nan,nan,nan,nan
10,3,sum_square,pure_bo,False,nan,nan,True,ok,0.1976779286062489,0.1976779286062489,0.1976779286062489,nan,nan,72.64728123920732,4.264408653964617,72.64728123920732,4.264408653964617
10,3,levy,earlbo,False,nan,nan,True,ok,0.14713161811552944,0.14713161811552944,0.14713161811552944,nan,nan,17.100970130158657,1.9545130020834012,17.100970130158657,1.9545130020834012
10,3,levy,snake,False,nan,nan,False,,nan,nan,nan,nan,nan,nan,nan,nan,nan
10,3,levy,log_improvement,True,1,1.75,True,ok,0.27757323259091266,0.2587183319069249,0.2587183319069249,nan,nan,28.230920180004944,2.357086120829855,28.230920180004944,2.357086120829855
10,3,levy,normalized_improvement,False,nan,nan,False,,nan,nan,nan,nan,nan,nan,nan,nan,nan
10,3,levy,optimistic_improvement,True,2,1.0,True,ok,0.23547392322081687,0.2341361275791067,0.2341361275791067,nan,nan,28.588766836950665,0.7155778649488506,28.588766836950665,0.7155778649488508
10,3,levy,budgeted_exploration,True,2,3.0,True,ok,0.6279280397018868,0.6279280397018868,0.6279280397018868,0.6934415415694807,5.242447040767795,11.858523089390864,0.4723433427164873,11.858523089390863,0.47234334271648826
10,3,levy,lookahead_budgeted_exploration,False,nan,nan,False,,nan,nan,nan,nan,nan,nan,nan,nan,nan
10,3,levy,pure_bo,False,nan,nan,True,ok,0.15230401767617766,0.15230401767617766,0.15230401767617766,nan,nan,39.52064026171163,13.539350523623,39.52064026171163,13.539350523623
10,3,rosenbrock,earlbo,False,nan,nan,True,ok,18.61368473228444,18.61368473228444,18.61368473228444,nan,nan,36.21277134721858,4.186741684436148,36.21277134721858,4.186741684436148
10,3,rosenbrock,snake,False,nan,nan,False,,nan,nan,nan,nan,nan,nan,nan,nan,nan
10,3,rosenbrock,log_improvement,True,0,1.75,True,ok,19.67972333898366,19.67972333898366,19.67972333898366,nan,nan,21.73210480759931,4.324143265541784,21.73210480759931,4.324143265541784
10,3,rosenbrock,normalized_improvement,False,nan,nan,False,,nan,nan,nan,nan,nan,nan,nan,nan,nan
10,3,rosenbrock,optimistic_improvement,True,2,1.0,True,ok,16.480565564632332,16.480565564632332,16.480565564632332,nan,nan,23.660495796389256,2.0244675679816067,23.66049579638926,2.0244675679816058
10,3,rosenbrock,budgeted_exploration,True,1,3.5,True,ok,18.504080329900503,18.024087062473896,18.024087062473896,0.3524704621470344,23.44883909483956,12.76393225237902,1.623122694451625,12.763932252379016,1.623122694451627
10,3,rosenbrock,lookahead_budgeted_exploration,False,nan,nan,False,,nan,nan,nan,nan,nan,nan,nan,nan,nan
10,3,rosenbrock,pure_bo,False,nan,nan,True,ok,30.290241275378506,30.290241275378506,30.290241275378506,nan,nan,51.447261342426664,2.2348773192947746,51.447261342426664,2.2348773192947746
10,5,ackley,earlbo,False,nan,nan,True,ok,0.32556240654763896,0.32556240654763896,0.32556240654763896,nan,nan,13.446194788122291,1.0688465845214092,13.446194788122291,1.0688465845214083
10,5,ackley,snake,False,nan,nan,False,,nan,nan,nan,nan,nan,nan,nan,nan,nan
10,5,ackley,log_improvement,True,0,1.5,True,ok,0.15357007662945746,0.14151845221025092,0.14151845221025092,nan,nan,7.376468400863274,0.6227299951081238,7.376468400863274,0.6227299951081238
10,5,ackley,normalized_improvement,False,nan,nan,False,,nan,nan,nan,nan,nan,nan,nan,nan,nan
10,5,ackley,optimistic_improvement,True,1,1.75,True,ok,0.14548143733507546,0.13370617280876518,0.13370617280876518,nan,nan,13.591431991073241,1.9907779951400946,13.591431991073241,1.9907779951400948
10,5,ackley,budgeted_exploration,True,5,3.0,True,ok,0.17993952027136872,0.17993952027136872,0.17993952027136872,0.4701028768232672,7.125099935899981,6.321094852222312,0.30749721314023626,6.321094852222312,0.30749721314023704
10,5,ackley,lookahead_budgeted_exploration,False,nan,nan,False,,nan,nan,nan,nan,nan,nan,nan,nan,nan
10,5,ackley,pure_bo,False,nan,nan,True,ok,1.0515207277319043,1.0515207277319043,1.0515207277319043,nan,nan,39.840671619908356,16.721586247021648,39.840671619908356,16.721586247021644
10,5,sphere,earlbo,False,nan,nan,True,ok,0.01710540075731626,0.01710540075731626,0.01710540075731626,nan,nan,18.687805961467998,1.2034498790985855,18.68780596146799,1.203449879098587
10,5,sphere,snake,False,nan,nan,False,,nan,nan,nan,nan,nan,nan,nan,nan,nan
10,5,sphere,log_improvement,True,0,1.5,True,ok,0.006651356965683785,0.006651356965683786,0.006651356965683786,nan,nan,18.657025132530805,0.8944094134037404,18.657025132530805,0.8944094134037404
10,5,sphere,normalized_improvement,False,nan,nan,False,,nan,nan,nan,nan,nan,nan,nan,nan,nan
10,5,sphere,optimistic_improvement,True,0,2.0,True,ok,0.007448420736244968,0.0074484207362449685,0.0074484207362449685,nan,nan,19.919310477316188,0.5751633249653821,19.919310477316188,0.5751633249653837
10,5,sphere,budgeted_exploration,True,5,2.75,True,ok,0.012549968924237195,0.012549968924237195,0.012549968924237195,0.3422859782127719,12.291232017296451,6.396573944171544,0.2911286441660379,6.396573944171543,0.2911286441660377
10,5,sphere,lookahead_budgeted_exploration,False,nan,nan,False,,nan,nan,nan,nan,nan,nan,nan,nan,nan
10,5,sphere,pure_bo,False,nan,nan,True,ok,0.04152534289682982,0.04152534289682982,0.04152534289682982,nan,nan,71.16400104941967,21.21685706826216,71.16400104941967,21.21685706826216
10,5,sum_square,earlbo,False,nan,nan,True,ok,0.07475690030949877,0.07475690030949877,0.07475690030949877,nan,nan,19.1594641524874,0.7241434281897973,19.1594641524874,0.7241434281897973
10,5,sum_square,snake,False,nan,nan,False,,nan,nan,nan,nan,nan,nan,nan,nan,nan
10,5,sum_square,log_improvement,True,0,1.75,True,ok,0.0477563549991424,0.0477563549991424,0.0477563549991424,nan,nan,18.556980865691035,0.7861803821840969,18.556980865691035,0.7861803821840951
10,5,sum_square,normalized_improvement,False,nan,nan,False,,nan,nan,nan,nan,nan,nan,nan,nan,nan
10,5,sum_square,optimistic_improvement,True,2,1.75,True,ok,0.03613832063247193,0.03613832063247193,0.03613832063247193,nan,nan,19.7367071544959,1.9220341531289589,19.7367071544959,1.9220341531289589
10,5,sum_square,budgeted_exploration,True,0,3.0,True,ok,0.05134358063313865,0.05134358063313865,0.05134358063313865,0.36173487462547044,12.22881778939617,6.930646363091224,0.5548155211234598,6.930646363091223,0.554815521123459
10,5,sum_square,lookahead_budgeted_exploration,False,nan,nan,False,,nan,nan,nan,nan,nan,nan,nan,nan,nan
10,5,sum_square,pure_bo,False,nan,nan,True,ok,0.1976779286062489,0.1976779286062489,0.1976779286062489,nan,nan,72.64728123920732,4.264408653964617,72.64728123920732,4.264408653964617
10,5,levy,earlbo,False,nan,nan,True,ok,0.14226213937895812,0.14226213937895812,0.14226213937895812,nan,nan,12.547799526713808,0.17625578293962893,12.547799526713808,0.17625578293962826
10,5,levy,snake,False,nan,nan,False,,nan,nan,nan,nan,nan,nan,nan,nan,nan
10,5,levy,log_improvement,True,0,1.5,True,ok,0.267315388696121,0.2664513276440022,0.2664513276440022,nan,nan,28.52103213807206,2.1902602153577804,28.52103213807206,2.190260215357781
10,5,levy,normalized_improvement,False,nan,nan,False,,nan,nan,nan,nan,nan,nan,nan,nan,nan
10,5,levy,optimistic_improvement,True,1,1.5,True,ok,0.23854133376880932,0.23434222496589593,0.23434222496589593,nan,nan,28.34613822584745,1.7901022590510365,28.34613822584745,1.7901022590510365
10,5,levy,budgeted_exploration,True,5,3.0,True,ok,0.6624372062559554,0.6603742328447165,0.6603742328447165,0.858728931117197,1.7726410512659883,10.775158475447817,0.6893168889844692,10.775158475447817,0.6893168889844696
10,5,levy,lookahead_budgeted_exploration,False,nan,nan,False,,nan,nan,nan,nan,nan,nan,nan,nan,nan
10,5,levy,pure_bo,False,nan,nan,True,ok,0.15230401767617766,0.15230401767617766,0.15230401767617766,nan,nan,39.52064026171163,13.539350523623,39.52064026171163,13.539350523623
10,5,rosenbrock,earlbo,False,nan,nan,True,ok,18.829364639852187,18.829364639852187,18.829364639852187,nan,nan,39.834585533359935,10.988565255457637,39.834585533359935,10.988565255457631
10,5,rosenbrock,snake,False,nan,nan,False,,nan,nan,nan,nan,nan,nan,nan,nan,nan
10,5,rosenbrock,log_improvement,True,0,1.75,True,ok,16.645204224086672,16.35274938668818,16.35274938668818,nan,nan,21.186420143637207,3.2758140683053285,21.186420143637203,3.2758140683053316
10,5,rosenbrock,normalized_improvement,False,nan,nan,False,,nan,nan,nan,nan,nan,nan,nan,nan,nan
10,5,rosenbrock,optimistic_improvement,True,1,1.75,True,ok,18.516794713379355,18.26107463058418,18.26107463058418,nan,nan,25.940861408287017,2.767163862029135,25.940861408287017,2.7671638620291343
10,5,rosenbrock,budgeted_exploration,True,5,3.5,True,ok,19.486368363539196,19.22307748203886,19.22307748203886,0.25469285795233165,29.689001098521885,10.145584434838048,1.6336288008313198,10.145584434838048,1.6336288008313198
10,5,rosenbrock,lookahead_budgeted_exploration,False,nan,nan,False,,nan,nan,nan,nan,nan,nan,nan,nan,nan
10,5,rosenbrock,pure_bo,False,nan,nan,True,ok,30.290241275378506,30.290241275378506,30.290241275378506,nan,nan,51.447261342426664,2.2348773192947746,51.447261342426664,2.2348773192947746
