dimension,horizon,held_out_function,reward,best_config_found,config_id,mean_rank,test_config_found,test_status,score,best_regret,final_regret,mean_budget_fraction_used,mean_remaining_movement_budget,mean_total_raw_move_cost,std_total_raw_move_cost,mean_total_scaled_move_cost,std_total_scaled_move_cost,mean_decision_time,std_decision_time
3,3,ackley,earlbo,False,nan,nan,True,ok,0.037629074569305455,0.037629074569305455,0.037629074569305455,nan,nan,4.695575240082474,0.9278912571257287,4.695575240082474,0.9278912571257281,107.4621910715103,8.396279007448422
3,3,ackley,snake,True,0,1.5,True,ok,0.03665939726858669,0.03665939726858669,0.03665939726858669,nan,nan,3.86231304207876,0.47194214090675524,3.86231304207876,0.47194214090675524,112.03129228909809,17.657262810085413
3,3,ackley,log_improvement,True,0,1.75,True,ok,0.0404427147259819,0.0404427147259819,0.0404427147259819,nan,nan,5.247666450651741,1.8837559719501231,5.247666450651742,1.8837559719501236,51.276331712404875,7.707137632830367
3,3,ackley,log_improvement_movement_cost,True,0,3.25,True,ok,0.031158821582319234,0.031158821582319234,0.031158821582319234,nan,nan,4.357419170411483,0.20568733427345912,4.357419170411483,0.20568733427345912,92.71639755249025,12.95508759180687
3,3,ackley,log_improvement_movement_cost2,False,nan,nan,True,ok,0.023041177468074842,0.023041177468074842,0.023041177468074842,nan,nan,1.778913414163368,0.29742878773953463,1.778913414163368,0.2974287877395348,70.51417753219603,5.3881832095614755
3,3,ackley,optimistic_improvement,True,2,1.5,True,ok,0.030766890654373658,0.030766890654373658,0.030766890654373658,nan,nan,4.615420139645353,1.2551153687833858,4.615420139645353,1.2551153687833856,51.46266013145447,6.605410379277681
3,3,ackley,optimistic_improvement_movement_cost,True,3,3.5,True,ok,0.04315561353589622,0.04315561353589622,0.04315561353589622,nan,nan,4.5975602592561655,0.4667145247971398,4.5975602592561655,0.4667145247971391,102.76229227701823,26.912126234106697
3,3,ackley,optimistic_improvement_movement_cost2,False,nan,nan,True,ok,0.023129685297803793,0.023129685297803793,0.023129685297803793,nan,nan,1.7792179499282437,0.20074176199532803,1.7792179499282437,0.20074176199532803,65.42492781162262,4.995743520008364
3,3,ackley,budgeted_exploration,True,0,2.5,True,ok,0.05251888282171935,0.05251888282171935,0.05251888282171935,0.6944720864230804,1.434629306145842,3.2609459339366325,0.2140610445817755,3.2609459339366325,0.2140610445817757,47.68781449476878,6.448933259257269
3,3,ackley,lookahead_budgeted_exploration,True,72,17.5,True,ok,0.03739594598409276,0.03739594598409276,0.03739594598409276,0.6615812837161449,1.5890705449629656,3.106504695119509,0.13929733532209118,3.106504695119509,0.13929733532209101,235.78963164806365,59.37055965472289
3,3,ackley,pure_bo,False,nan,nan,True,ok,0.22749268980046886,0.22749268980046886,0.22749268980046886,nan,nan,29.192937734172236,6.766113070815039,29.192937734172244,6.766113070815039,0.09863758563995362,0.04387252419284874
3,3,sphere,earlbo,False,nan,nan,True,ok,0.00019727507276545088,0.00019727507276545088,0.00019727507276545088,nan,nan,4.57488693134837,0.09580109999310932,4.57488693134837,0.09580109999310968,103.76755520184834,13.621581226281675
3,3,sphere,snake,True,1,1.25,True,ok,0.0004943146596761517,0.0004943146596761517,0.0004943146596761517,nan,nan,4.972059485040226,0.32477271412826014,4.972059485040226,0.32477271412826064,73.50193438212078,12.13659391871006
3,3,sphere,log_improvement,True,1,1.75,True,ok,0.00015136578816409355,0.00015136578816409355,0.00015136578816409355,nan,nan,4.728924602754257,0.4000318432562456,4.728924602754257,0.4000318432562456,46.170500955581666,5.6245720490175435
3,3,sphere,log_improvement_movement_cost,True,8,3.25,True,ok,0.0006598499314458269,0.0006598499314458269,0.0006598499314458269,nan,nan,5.275820729138882,0.5020862675937192,5.275820729138881,0.5020862675937192,51.26386879762014,6.441303886065345
3,3,sphere,log_improvement_movement_cost2,False,nan,nan,True,ok,0.00016518204203896838,0.00016518204203896838,0.00016518204203896838,nan,nan,1.5373347269415352,0.10659457614606091,1.5373347269415352,0.10659457614606077,73.93103270689647,2.325185951368457
3,3,sphere,optimistic_improvement,True,2,1.5,True,ok,0.00014556546147488444,0.00014556546147488444,0.00014556546147488444,nan,nan,4.605311306592765,0.24072562201401063,4.605311306592765,0.24072562201401018,53.01377602100373,7.674128579503602
3,3,sphere,optimistic_improvement_movement_cost,True,3,3.75,True,ok,0.0005369927010742309,0.0005369927010742309,0.0005369927010742309,nan,nan,4.726136627482674,0.16719128091679028,4.726136627482674,0.16719128091679067,48.15023384253184,6.076955033864798
3,3,sphere,optimistic_improvement_movement_cost2,False,nan,nan,True,ok,0.00019702137610444663,0.00019702137610444663,0.00019702137610444663,nan,nan,1.5430680654673834,0.09880327960366296,1.5430680654673832,0.09880327960366306,73.06429485797882,2.6583386218756724
3,3,sphere,budgeted_exploration,True,0,2.75,True,ok,0.00017768638310094412,0.00017768638310094412,0.00017768638310094412,0.4057146937785545,2.7187880809248557,1.8560988504235152,0.2023405195101549,1.8560988504235147,0.20234051951015475,49.77910028298695,6.163304108798239
3,3,sphere,lookahead_budgeted_exploration,True,72,17.25,True,ok,4.819102000852845e-05,4.819102000852845e-05,4.819102000852845e-05,0.44732921070668535,2.528406371275974,2.0464805600723963,0.09924775519529073,2.0464805600723963,0.09924775519529075,229.50815900961558,64.92029471108413
3,3,sphere,pure_bo,False,nan,nan,True,ok,0.007853020634644358,0.007853020634644358,0.007853020634644358,nan,nan,17.08464593388381,2.2496123567689352,17.08464593388381,2.2496123567689357,0.05872286319732666,0.036566308366202664
3,3,sum_square,earlbo,False,nan,nan,True,ok,0.0009330194473508415,0.0009330194473508415,0.0009330194473508415,nan,nan,4.652602972100454,0.41800707802517567,4.652602972100453,0.41800707802517534,106.37276519616444,17.209687930757248
3,3,sum_square,snake,True,0,1.5,True,ok,0.0012875619175373109,0.0012875619175373109,0.0012875619175373109,nan,nan,5.193851289973522,0.6607891108285633,5.193851289973522,0.6607891108285635,102.44883405208589,21.437941154362743
3,3,sum_square,log_improvement,True,2,1.75,True,ok,0.000330466839534235,0.000330466839534235,0.000330466839534235,nan,nan,4.5889474509191,0.24547693768026513,4.5889474509191,0.24547693768026513,55.25191118240357,8.580873776521418
3,3,sum_square,log_improvement_movement_cost,True,3,2.5,True,ok,0.0011866143938020562,0.0011866143938020562,0.0011866143938020562,nan,nan,5.323976245674969,0.5599523986516347,5.323976245674969,0.5599523986516347,118.88194406191508,21.59126552754965
3,3,sum_square,log_improvement_movement_cost2,False,nan,nan,True,ok,0.00012282849051257138,0.00012282849051257138,0.00012282849051257138,nan,nan,1.614169184902811,0.20487586545426034,1.6141691849028115,0.20487586545426034,117.37787761529289,31.59709506629457
3,3,sum_square,optimistic_improvement,True,2,1.5,True,ok,0.00014773420103913172,0.00014773420103913172,0.00014773420103913172,nan,nan,4.75496007913383,0.6476055377730716,4.75496007913383,0.6476055377730716,49.07890834490458,6.3272529484016315
3,3,sum_square,optimistic_improvement_movement_cost,True,1,2.0,True,ok,0.002081593287358625,0.002081593287358625,0.002081593287358625,nan,nan,5.127891221727637,0.5604004842948747,5.127891221727637,0.5604004842948747,50.581745203336084,6.138012264146827
3,3,sum_square,optimistic_improvement_movement_cost2,False,nan,nan,True,ok,9.558103635313297e-05,9.558103635313297e-05,9.558103635313297e-05,nan,nan,1.630894931953699,0.1479870515417352,1.630894931953699,0.1479870515417351,96.25293897946676,24.85267416702418
3,3,sum_square,budgeted_exploration,True,0,2.75,True,ok,0.00030387943955983624,0.0002633772570355002,0.0002633772570355002,0.40884234196310354,2.750421876762408,1.9021810953380454,0.1318154045199252,1.9021810953380456,0.13181540451992524,47.55807506084442,5.260882613489781
3,3,sum_square,lookahead_budgeted_exploration,True,72,13.25,True,ok,0.00015872602143761653,0.0001533682552700615,0.0001533682552700615,0.4429225925834676,2.5918600014361735,2.0607429706642804,0.08546497628495421,2.06074297066428,0.08546497628495403,172.99186408201854,36.92035876634365
3,3,sum_square,pure_bo,False,nan,nan,True,ok,0.012260067470041136,0.012260067470041136,0.012260067470041136,nan,nan,17.304152480047236,2.654440442401659,17.304152480047236,2.6544404424016603,0.061888928413391116,0.030422692411191676
3,3,levy,earlbo,False,nan,nan,True,ok,1.7096025664051817e-05,1.7096025664051817e-05,1.7096025664051817e-05,nan,nan,4.9138906287874216,0.5171701707258314,4.9138906287874216,0.5171701707258316,105.99081657091777,18.004191678330315
3,3,levy,snake,True,1,1.25,True,ok,0.04558636820658988,0.04558636820658988,0.04558636820658988,nan,nan,5.446084250931746,0.466213231766839,5.446084250931746,0.46621323176683893,53.4022734673818,5.190500235224142
3,3,levy,log_improvement,True,2,1.75,True,ok,0.04265542711860335,0.04265542711860335,0.04265542711860335,nan,nan,5.724979653682774,1.415019452090124,5.724979653682774,1.415019452090124,53.75486812273661,5.447349730764937
3,3,levy,log_improvement_movement_cost,True,3,3.0,True,ok,0.030998556225961517,0.030998556225961513,0.030998556225961513,nan,nan,5.8895352271030745,1.266388670576686,5.889535227103074,1.2663886705766842,42.52715822060903,4.1527959577295634
3,3,levy,log_improvement_movement_cost2,False,nan,nan,True,ok,0.09771213324413187,0.09771213324413187,0.09771213324413187,nan,nan,5.4410245072516785,0.6974435851476095,5.4410245072516785,0.6974435851476103,125.3746520805359,13.693071637101847
3,3,levy,optimistic_improvement,True,1,1.75,True,ok,0.028010144456618154,0.02801014445661815,0.02801014445661815,nan,nan,5.743421349896356,1.5553721529419695,5.743421349896358,1.555372152941969,54.20942252318064,5.36041241417077
3,3,levy,optimistic_improvement_movement_cost,True,5,3.25,True,ok,0.03373786755753924,0.03373786755753924,0.03373786755753924,nan,nan,5.234102155984001,0.9726190563230186,5.234102155984001,0.972619056323018,115.31733304818472,24.19925524876714
3,3,levy,optimistic_improvement_movement_cost2,False,nan,nan,True,ok,0.09770324723457513,0.09770324723457513,0.09770324723457513,nan,nan,5.353982763487657,0.7156630141405519,5.353982763487657,0.7156630141405519,108.08261583169302,9.68711248268776
3,3,levy,budgeted_exploration,True,1,1.5,True,ok,0.10463817109707649,0.1046381710970765,0.1046381710970765,0.9999999999999997,8.881784197001252e-16,4.913890628787421,1.1466334093198022e-15,4.913890628787421,7.251946429389431e-16,42.62542858282725,4.134151853440052
3,3,levy,lookahead_budgeted_exploration,True,72,10.75,True,ok,0.12492816534789349,0.12492816534789349,0.12492816534789349,0.9999999999999997,1.1842378929335002e-15,4.913890628787421,8.881784197001252e-16,4.913890628787421,5.127900497022837e-16,77.07651115735372,3.8958361140201903
3,3,levy,pure_bo,False,nan,nan,True,ok,7.614391987709471e-05,7.614391987709471e-05,7.614391987709471e-05,nan,nan,17.915530776621193,0.6305223828404595,17.915530776621193,0.6305223828404595,0.05310647169748942,0.01873023457351469
3,3,rosenbrock,earlbo,False,nan,nan,True,ok,0.48154707085326054,0.48154707085326054,0.48154707085326054,nan,nan,13.285269602811596,3.588076849136963,13.285269602811596,3.5880768491369626,93.16870382944744,7.79976751523633
3,3,rosenbrock,snake,True,0,1.5,True,ok,0.783470679702277,0.783470679702277,0.783470679702277,nan,nan,11.188067830163641,0.3762698060878588,11.188067830163641,0.376269806087858,57.758453545570376,5.622438308515185
3,3,rosenbrock,log_improvement,True,1,1.75,True,ok,0.8361229500579433,0.8348402320157519,0.8348402320157519,nan,nan,10.20588834204351,1.2530122140010467,10.20588834204351,1.253012214001047,59.71904735088348,5.285758916627291
3,3,rosenbrock,log_improvement_movement_cost,True,6,2.75,True,ok,0.8480034402312253,0.8480034402312252,0.8480034402312252,nan,nan,10.431406931541169,0.3859827484450678,10.431406931541169,0.38598274844506897,54.36350043932597,6.174189829162995
3,3,rosenbrock,log_improvement_movement_cost2,False,nan,nan,True,ok,1.0705232049458138,1.0640073012502347,1.0640073012502347,nan,nan,3.9626408157490745,0.3329127751535498,3.9626408157490745,0.3329127751535498,197.65315499941508,44.75674611807012
3,3,rosenbrock,optimistic_improvement,True,2,1.75,True,ok,0.6180004395593262,0.5734385990856279,0.5734385990856279,nan,nan,12.162650894432025,1.5276569343098942,12.162650894432026,1.5276569343098947,68.27565044562022,11.609106644829717
3,3,rosenbrock,optimistic_improvement_movement_cost,True,1,3.5,True,ok,0.8018125184282596,0.8018125184282595,0.8018125184282595,nan,nan,12.25191262543592,1.2992958732907551,12.25191262543592,1.2992958732907545,83.12199724992117,12.162820498166463
3,3,rosenbrock,optimistic_improvement_movement_cost2,False,nan,nan,True,ok,1.3235665133803816,1.3235665133803816,1.3235665133803816,nan,nan,3.7427941711789203,0.42598611527490365,3.74279417117892,0.42598611527490365,142.02032956759135,41.14693915762496
3,3,rosenbrock,budgeted_exploration,True,0,3.0,True,ok,1.6350039432629202,1.6350039432629204,1.6350039432629204,0.48901024796435205,6.788636620067428,6.496632982744164,0.9458719427144108,6.496632982744167,0.945871942714411,57.465985595385234,5.51079731842471
3,3,rosenbrock,lookahead_budgeted_exploration,True,65,8.75,True,ok,1.290490768176561,1.290490768176561,1.290490768176561,0.4919734254965835,6.749270007670739,6.535999595140855,0.33000238131126264,6.535999595140855,0.3300023813112622,170.13105953057607,30.071961288859537
3,3,rosenbrock,pure_bo,False,nan,nan,True,ok,0.0,0.0,0.0,nan,nan,30.420820020553787,1.856774130249704,30.420820020553787,1.8567741302497034,0.11635908444722494,0.07395440039232239
3,5,ackley,earlbo,False,nan,nan,True,ok,0.04342069336399653,0.04342069336399653,0.04342069336399653,nan,nan,4.07843049289264,0.6927214317610355,4.07843049289264,0.692721431761036,177.43864885171251,28.610459108046587
3,5,ackley,snake,True,2,1.75,True,ok,0.038229397838725955,0.038229397838725955,0.038229397838725955,nan,nan,4.753353502008682,1.1252303896091735,4.753353502008682,1.1252303896091735,136.1321781651179,25.233695332679503
3,5,ackley,log_improvement,True,2,1.25,True,ok,0.02820241426369489,0.02820241426369489,0.02820241426369489,nan,nan,4.696161613368998,0.9877672656864186,4.696161613368999,0.9877672656864191,91.52432440121969,12.4961751007707
3,5,ackley,log_improvement_movement_cost,True,8,3.25,True,ok,0.023023240929135103,0.023023240929135103,0.023023240929135103,nan,nan,4.076691827517376,0.7592888718957674,4.076691827517376,0.7592888718957681,63.16164598782857,6.670067026504181
3,5,ackley,log_improvement_movement_cost2,False,nan,nan,True,ok,0.016404891257680482,0.016404891257680482,0.016404891257680482,nan,nan,1.7954270900821905,0.3494763894424005,1.7954270900821905,0.3494763894424005,199.43920781771342,31.7896267112633
3,5,ackley,optimistic_improvement,True,0,2.0,True,ok,0.045683488610766876,0.045683488610766876,0.045683488610766876,nan,nan,3.7902399063324963,0.664120790754073,3.7902399063324963,0.6641207907540724,108.11554074605306,16.40100099902288
3,5,ackley,optimistic_improvement_movement_cost,True,0,4.25,True,ok,0.031020335196677202,0.031020335196677202,0.031020335196677202,nan,nan,4.523819436891691,0.9152923542975933,4.523819436891691,0.9152923542975933,56.1206133556366,4.947266986725794
3,5,ackley,optimistic_improvement_movement_cost2,False,nan,nan,True,ok,0.01846925479826848,0.01846925479826848,0.01846925479826848,nan,nan,1.841082178211517,0.38287444633881973,1.8410821782115174,0.38287444633881973,239.0745903158188,56.07304664258091
3,5,ackley,budgeted_exploration,True,0,2.25,True,ok,0.06660373147553662,0.05503083564754071,0.05503083564754071,0.7165252106701697,1.1561322247690964,2.922298268123543,0.05941385256092283,2.922298268123543,0.059413852560922686,78.12872786045075,7.389897701004094
3,5,ackley,lookahead_budgeted_exploration,True,34,35.5,False,,nan,nan,nan,nan,nan,nan,nan,nan,nan,nan,nan
3,5,ackley,pure_bo,False,nan,nan,True,ok,0.22749268980046886,0.22749268980046886,0.22749268980046886,nan,nan,29.192937734172236,6.766113070815039,29.192937734172244,6.766113070815039,0.12746296246846517,0.08152542540410243
3,5,sphere,earlbo,False,nan,nan,True,ok,0.00022951313638062452,0.00022951313638062452,0.00022951313638062452,nan,nan,4.157655280900634,0.26855684891411247,4.157655280900635,0.2685568489141123,137.66766207218168,19.685831147881757
3,5,sphere,snake,True,1,1.75,True,ok,0.001017561557308665,0.0007840189648991962,0.0007840189648991962,nan,nan,4.659523185537186,0.12478994276213393,4.659523185537186,0.12478994276213393,276.7453475252787,130.53408962566098
3,5,sphere,log_improvement,True,2,1.5,True,ok,4.8862084006413006e-05,4.8862084006413006e-05,4.8862084006413006e-05,nan,nan,4.512166476622812,0.1811995264500022,4.512166476622812,0.1811995264500022,95.06299815336864,12.674978158177227
3,5,sphere,log_improvement_movement_cost,True,7,3.25,True,ok,0.0002753377225225618,0.0002753377225225618,0.0002753377225225618,nan,nan,4.98603869502065,0.36314663427256705,4.98603869502065,0.3631466342725675,172.20697706699374,34.45983266416867
3,5,sphere,log_improvement_movement_cost2,False,nan,nan,True,ok,0.00011463437361209916,0.00011463437361209916,0.00011463437361209916,nan,nan,1.5530524883606223,0.10496231665248569,1.553052488360622,0.10496231665248573,252.5432378021876,71.92894907476283
3,5,sphere,optimistic_improvement,True,0,1.75,True,ok,0.00010621943809657846,0.00010140236732426794,0.00010140236732426794,nan,nan,4.512151758540218,0.23830819801402564,4.512151758540219,0.23830819801402528,77.42355693658193,8.833179318795702
3,5,sphere,optimistic_improvement_movement_cost,True,7,3.5,True,ok,0.0009459753823010475,0.0009459753823010475,0.0009459753823010475,nan,nan,4.816483945742134,0.2806176416143692,4.816483945742134,0.2806176416143699,77.75498778820037,9.03246632202554
3,5,sphere,optimistic_improvement_movement_cost2,False,nan,nan,True,ok,7.968657775714614e-05,7.968657775714614e-05,7.968657775714614e-05,nan,nan,1.5465151466384957,0.105535292967131,1.5465151466384957,0.10553529296713095,252.83649887084962,102.03859223026363
3,5,sphere,budgeted_exploration,True,0,2.25,True,ok,0.00012737744601271233,0.00012737744601271233,0.00012737744601271233,0.40014969748273627,2.4939707780107447,1.6636845028898903,0.06860935671391888,1.6636845028898897,0.06860935671391906,81.96502671559652,8.338180564352527
3,5,sphere,lookahead_budgeted_exploration,True,34,40.75,False,,nan,nan,nan,nan,nan,nan,nan,nan,nan,nan,nan
3,5,sphere,pure_bo,False,nan,nan,True,ok,0.007853020634644358,0.007853020634644358,0.007853020634644358,nan,nan,17.08464593388381,2.2496123567689352,17.08464593388381,2.2496123567689357,0.05886426607767741,0.03692270380252167
3,5,sum_square,earlbo,False,nan,nan,True,ok,0.0004697716059967717,0.0004697716059967717,0.0004697716059967717,nan,nan,4.480352437797678,0.09435530539926773,4.480352437797678,0.09435530539926806,372.25998998641967,73.07410750901734
3,5,sum_square,snake,True,1,1.75,True,ok,0.0010685931824811886,0.0010685931824811886,0.0010685931824811886,nan,nan,4.920420409076741,0.17938776217204816,4.920420409076741,0.1793877621720485,58.3428777662913,5.080246032056205
3,5,sum_square,log_improvement,True,2,1.5,True,ok,0.00015577377473963307,0.00014772737593845547,0.00014772737593845547,nan,nan,4.966944340044591,0.2693148274697812,4.966944340044591,0.2693148274697812,85.33126438776651,12.373232885495677
3,5,sum_square,log_improvement_movement_cost,True,4,3.0,True,ok,0.0012583305060201715,0.0012583305060201715,0.0012583305060201715,nan,nan,4.984044924608308,0.16386559906119894,4.984044924608308,0.16386559906119894,80.62317651589711,7.981729690797644
3,5,sum_square,log_improvement_movement_cost2,False,nan,nan,True,ok,0.00013708502753677487,0.00013708502753677487,0.00013708502753677487,nan,nan,1.6022092236836887,0.08107524741119605,1.6022092236836887,0.08107524741119614,234.87335796515148,50.13993228712487
3,5,sum_square,optimistic_improvement,True,0,1.75,True,ok,0.00022936417178683454,0.00022936417178683456,0.00022936417178683456,nan,nan,4.736459103567378,0.12081132590921512,4.736459103567378,0.12081132590921494,89.88898079395295,13.27148293506138
3,5,sum_square,optimistic_improvement_movement_cost,True,6,3.25,True,ok,0.0020919137886262432,0.0020919137886262432,0.0020919137886262432,nan,nan,5.2463492022998075,0.44041953310578874,5.246349202299808,0.4404195331057885,111.01329495588938,34.04101712589454
3,5,sum_square,optimistic_improvement_movement_cost2,False,nan,nan,True,ok,8.996107989240313e-05,8.996107989240313e-05,8.996107989240313e-05,nan,nan,1.6031221087273577,0.09350861228240309,1.6031221087273577,0.09350861228240309,199.42486748695373,38.11879494697104
3,5,sum_square,budgeted_exploration,True,0,2.25,True,ok,0.000267489117422301,0.000267489117422301,0.000267489117422301,0.400133983715598,2.6876111684118023,1.7927412693858755,0.14615207032279762,1.7927412693858755,0.1461520703227977,85.29559677759806,7.735425609184851
3,5,sum_square,lookahead_budgeted_exploration,True,62,42.0,True,ok,0.00012664471497087282,0.00012664471497087282,0.00012664471497087282,0.39980385388459316,2.689090266404934,1.7912621713927432,0.12811715193234388,1.7912621713927432,0.12811715193234388,124.43690229415894,4.004337266759962
3,5,sum_square,pure_bo,False,nan,nan,True,ok,0.012260067470041136,0.012260067470041136,0.012260067470041136,nan,nan,17.304152480047236,2.654440442401659,17.304152480047236,2.6544404424016603,0.06587861061096191,0.03958313528742153
3,5,levy,earlbo,False,nan,nan,True,ok,4.001253949546984e-06,4.001253949546984e-06,4.001253949546984e-06,nan,nan,4.266840451128506,0.24510044943438886,4.266840451128506,0.24510044943438913,203.89768143971762,35.519829275589764
3,5,levy,snake,True,0,2.0,True,ok,0.033372255869868625,0.032973435834132696,0.032973435834132696,nan,nan,5.385053115008785,0.7846725517737771,5.385053115008785,0.7846725517737771,194.07012978553772,38.084598018948014
3,5,levy,log_improvement,True,2,1.5,True,ok,0.041155118534487965,0.041155118534487965,0.041155118534487965,nan,nan,5.154525821884717,0.9597402603962019,5.154525821884716,0.959740260396201,69.6794749323527,6.973310419190419
3,5,levy,log_improvement_movement_cost,True,8,2.75,True,ok,0.033615005585464035,0.033615005585464035,0.033615005585464035,nan,nan,5.084661483078037,0.3886567258726129,5.084661483078036,0.38865672587261324,83.93651859124502,8.686590505393427
3,5,levy,log_improvement_movement_cost2,False,nan,nan,True,ok,0.0990817752917447,0.09484808888111086,0.09484808888111086,nan,nan,5.760588640877238,0.1560941275461336,5.760588640877238,0.1560941275461336,287.33146424293517,49.93776297978285
3,5,levy,optimistic_improvement,True,2,1.75,True,ok,0.04397209301741033,0.04379446180456233,0.04379446180456233,nan,nan,5.423309356636871,0.7839855272160275,5.423309356636871,0.7839855272160279,116.47404568831125,19.617629687539907
3,5,levy,optimistic_improvement_movement_cost,True,0,3.0,True,ok,0.042785041588535834,0.042785041588535834,0.042785041588535834,nan,nan,5.396461000886741,1.6565527126620219,5.396461000886741,1.6565527126620225,189.28917263825736,32.69026552366335
3,5,levy,optimistic_improvement_movement_cost2,False,nan,nan,True,ok,0.09685873411140802,0.09623575575041549,0.09623575575041549,nan,nan,5.659703682126163,0.2698863697205515,5.659703682126163,0.2698863697205515,198.42143918832144,16.39558727719132
3,5,levy,budgeted_exploration,True,1,1.5,True,ok,0.10996065749637454,0.10996065749637453,0.10996065749637453,1.0,2.9605947323337506e-16,4.266840451128505,8.881784197001252e-16,4.266840451128505,7.251946429389431e-16,80.96501270612082,7.53276400504641
3,5,levy,lookahead_budgeted_exploration,True,60,14.25,False,,nan,nan,nan,nan,nan,nan,nan,nan,nan,nan,nan
3,5,levy,pure_bo,False,nan,nan,True,ok,7.614391987709471e-05,7.614391987709471e-05,7.614391987709471e-05,nan,nan,17.915530776621193,0.6305223828404595,17.915530776621193,0.6305223828404595,0.053448538780212405,0.019704681904950488
3,5,rosenbrock,earlbo,False,nan,nan,True,ok,0.9649509829340094,0.9649509829340094,0.9649509829340094,nan,nan,10.714200210197054,1.2053031694674043,10.714200210197056,1.2053031694674052,147.6035527308782,13.182201400341333
3,5,rosenbrock,snake,True,2,1.5,True,ok,0.9256978096714311,0.9256978096714311,0.9256978096714311,nan,nan,9.515732000917149,0.9471899314327197,9.515732000917149,0.9471899314327197,199.01637936909992,48.60185297818557
3,5,rosenbrock,log_improvement,True,2,1.25,True,ok,0.8626227782237187,0.7899072259674602,0.7899072259674602,nan,nan,9.861872153135177,0.5831404830638708,9.86187215313518,0.5831404830638703,98.48272551695506,14.89485452145859
3,5,rosenbrock,log_improvement_movement_cost,True,7,2.5,True,ok,0.6692195169980153,0.6448004706210496,0.6448004706210496,nan,nan,10.07395249273364,0.8559137453350673,10.07395249273364,0.8559137453350666,123.61667300224303,17.30475405387737
3,5,rosenbrock,log_improvement_movement_cost2,False,nan,nan,True,ok,1.9636560754374845,1.9636560754374843,1.9636560754374843,nan,nan,3.40895784275893,0.17559318824711517,3.40895784275893,0.17559318824711498,278.6594220590592,54.304406681721446
3,5,rosenbrock,optimistic_improvement,True,2,1.5,True,ok,0.9871027376850995,0.9718746231976546,0.9718746231976546,nan,nan,9.962750723721046,1.1091679791112559,9.962750723721046,1.1091679791112559,99.44100164254506,8.40163114064155
3,5,rosenbrock,optimistic_improvement_movement_cost,True,5,3.5,True,ok,0.8258276282303288,0.8258276282303288,0.8258276282303288,nan,nan,10.033072403885868,1.5428892120375388,10.033072403885866,1.5428892120375388,104.93619019349416,9.79074816446529
3,5,rosenbrock,optimistic_improvement_movement_cost2,False,nan,nan,True,ok,1.3226886434407892,1.3226886434407892,1.3226886434407892,nan,nan,3.403628261916699,0.13259244395995012,3.403628261916699,0.1325924439599499,180.54699786663056,26.896437939677536
3,5,rosenbrock,budgeted_exploration,True,0,2.5,True,ok,1.3426973994929003,1.3426973994929003,1.3426973994929003,0.49129629047253603,5.450353391547178,5.263846818649879,0.299628540337113,5.2638468186498795,0.29962854033711345,88.8178573592504,9.474501842590648
3,5,rosenbrock,lookahead_budgeted_exploration,True,62,37.5,False,,nan,nan,nan,nan,nan,nan,nan,nan,nan,nan,nan
3,5,rosenbrock,pure_bo,False,nan,nan,True,ok,0.0,0.0,0.0,nan,nan,30.420820020553787,1.856774130249704,30.420820020553787,1.8567741302497034,0.11319547812143961,0.0792994134753217
5,3,ackley,earlbo,False,nan,nan,True,ok,0.10605547476435644,0.10605547476435644,0.10605547476435644,nan,nan,9.633789436798454,0.07249716440569619,9.633789436798454,0.07249716440569619,107.82542228062948,17.521905772464464
5,3,ackley,snake,True,0,1.5,True,ok,0.056747283986335585,0.056747283986335585,0.056747283986335585,nan,nan,8.76144425517731,0.14828756963110795,8.76144425517731,0.14828756963110795,95.34699064890545,16.30401389076695
5,3,ackley,log_improvement,True,2,1.75,True,ok,0.09417951757328351,0.09417951757328351,0.09417951757328351,nan,nan,9.80175692840943,0.44236604605330526,9.80175692840943,0.44236604605330543,55.82365815957388,6.908704244547937
5,3,ackley,log_improvement_movement_cost,True,5,2.5,True,ok,0.09450988641242282,0.09450988641242282,0.09450988641242282,nan,nan,8.855652399434211,0.928460729197319,8.855652399434211,0.9284607291973189,43.63956735452016,4.580451133560566
5,3,ackley,log_improvement_movement_cost2,False,nan,nan,True,ok,0.05044792314911387,0.05044792314911387,0.05044792314911387,nan,nan,3.2703987232153016,0.06769698201750628,3.2703987232153016,0.06769698201750639,124.94979459285736,16.266217851075336
5,3,ackley,optimistic_improvement,True,0,1.75,True,ok,0.08346972587453101,0.08346972587453101,0.08346972587453101,nan,nan,9.754088295537601,0.3142203854058476,9.7540882955376,0.31422038540584823,34.7514033651352,4.627982745557573
5,3,ackley,optimistic_improvement_movement_cost,True,7,3.25,True,ok,0.08326721009967668,0.08326721009967668,0.08326721009967668,nan,nan,9.400375284078775,0.725509192861784,9.400375284078775,0.725509192861784,44.45174293041229,5.563861432064896
5,3,ackley,optimistic_improvement_movement_cost2,False,nan,nan,True,ok,0.06376089322913615,0.06330764280507657,0.06330764280507657,nan,nan,3.3425564221325916,0.0636700005453025,3.3425564221325916,0.0636700005453025,147.80864107131958,77.84189804990379
5,3,ackley,budgeted_exploration,True,1,3.25,True,ok,0.12493748884419867,0.12349617582091972,0.12349617582091972,0.5594230465593099,4.244425600153765,5.389363836644687,0.023065912428413222,5.389363836644687,0.023065912428413257,47.44680444876352,6.707230951108883
5,3,ackley,lookahead_budgeted_exploration,True,73,23.5,True,ok,0.1229847136926648,0.10818116221955447,0.10818116221955447,0.5824993188256925,4.022113652153202,5.61167578464525,0.1075406769777841,5.61167578464525,0.10754067697778374,149.59763863245647,32.150983772376314
5,3,ackley,pure_bo,False,nan,nan,True,ok,0.6322631327964227,0.6322631327964227,0.6322631327964227,nan,nan,46.732789469507516,4.264002176915993,46.732789469507516,4.264002176915993,0.39423319816589353,0.1623875628991419
5,3,sphere,earlbo,False,nan,nan,True,ok,0.0012989944597838591,0.0012989944597838591,0.0012989944597838591,nan,nan,9.447023351841025,0.48142325608719216,9.447023351841025,0.48142325608719216,84.73893875598908,8.580563765098612
5,3,sphere,snake,True,0,1.5,True,ok,0.0027961792607079463,0.0027961792607079463,0.0027961792607079463,nan,nan,10.072115123129437,0.20849692229049627,10.072115123129437,0.20849692229049627,227.34149900913238,130.17709977884203
5,3,sphere,log_improvement,True,2,1.75,True,ok,0.0004602721001056094,0.0004602721001056094,0.0004602721001056094,nan,nan,8.99672475034256,0.7368291664070321,8.99672475034256,0.7368291664070314,39.35048236687978,4.043076563271335
5,3,sphere,log_improvement_movement_cost,True,5,2.5,True,ok,0.0018681466491958787,0.0018681466491958787,0.0018681466491958787,nan,nan,9.886351633597044,0.4590811340352628,9.886351633597044,0.4590811340352628,300.9948445399602,115.51683125707984
5,3,sphere,log_improvement_movement_cost2,False,nan,nan,True,ok,0.0007752976009927645,0.0007752976009927645,0.0007752976009927645,nan,nan,2.793358838922354,0.0774845159869451,2.793358838922354,0.07748451598694528,242.58256967703497,58.28018405201561
5,3,sphere,optimistic_improvement,True,0,2.0,True,ok,0.0007349597850271686,0.0007349597850271686,0.0007349597850271686,nan,nan,9.18067768746137,1.001281272688839,9.18067768746137,1.001281272688839,35.891227218310036,3.8336314105528406
5,3,sphere,optimistic_improvement_movement_cost,True,7,3.0,True,ok,0.0023222431992302697,0.0023222431992302697,0.0023222431992302697,nan,nan,9.854910595382211,0.663973027350206,9.854910595382211,0.663973027350206,94.26392460187276,15.927756784895683
5,3,sphere,optimistic_improvement_movement_cost2,False,nan,nan,True,ok,0.0008559464966328819,0.0008559464966328819,0.0008559464966328819,nan,nan,2.8057196235344075,0.15702458078199352,2.805719623534408,0.15702458078199352,214.59031833807626,52.90696219221072
5,3,sphere,budgeted_exploration,True,2,4.0,True,ok,0.0008404895731855333,0.0008404895731855331,0.0008404895731855331,0.42253878937049333,5.455289541599338,3.991733810241687,0.11806750784791627,3.991733810241687,0.11806750784791627,54.80392143726349,7.136225715038911
5,3,sphere,lookahead_budgeted_exploration,True,33,46.0,True,ok,0.001028778221038347,0.0009241245108993681,0.0009241245108993681,0.4012462370938546,5.656440780177039,3.7905825716639856,0.185683379275961,3.7905825716639856,0.1856833792759608,182.70708814938862,42.263397234568394
5,3,sphere,pure_bo,False,nan,nan,True,ok,0.01360278191608071,0.01360278191608071,0.01360278191608071,nan,nan,42.93357400592193,5.33966633946818,42.93357400592192,5.339666339468183,0.1554202381769816,0.17931827839434514
5,3,sum_square,earlbo,False,nan,nan,True,ok,0.007568411824645558,0.007568411824645558,0.007568411824645558,nan,nan,10.316342437264188,0.1506246017829568,10.316342437264188,0.1506246017829568,111.57894938468932,21.464513481154754
5,3,sum_square,snake,True,1,1.75,True,ok,0.003820238387822486,0.003820238387822486,0.003820238387822486,nan,nan,11.072254598568568,0.6994980625561839,11.072254598568568,0.699498062556183,43.14656096935272,4.64636412248393
5,3,sum_square,log_improvement,True,2,1.25,True,ok,0.002376969627964342,0.002376969627964342,0.002376969627964342,nan,nan,9.850167741211022,0.7679730316012114,9.850167741211022,0.7679730316012114,49.31744793574015,5.878818801935897
5,3,sum_square,log_improvement_movement_cost,True,5,1.5,True,ok,0.005597499707510343,0.005597499707510343,0.005597499707510343,nan,nan,10.625951772101283,0.22035519630182515,10.625951772101283,0.22035519630182474,53.64124000867208,6.742933845257094
5,3,sum_square,log_improvement_movement_cost2,False,nan,nan,True,ok,0.002613339447878161,0.0021865545707351083,0.0021865545707351083,nan,nan,3.3953960565426313,0.2965406397224492,3.3953960565426313,0.2965406397224492,173.166902162234,28.18181862835299
5,3,sum_square,optimistic_improvement,True,0,1.75,True,ok,0.0021297138301158715,0.0021297138301158715,0.0021297138301158715,nan,nan,10.430673129647168,0.5297246712875017,10.430673129647168,0.5297246712875017,34.26083674430847,4.267039662399876
5,3,sum_square,optimistic_improvement_movement_cost,True,7,3.0,True,ok,0.0038026569334710333,0.0038026569334710333,0.0038026569334710333,nan,nan,9.641261152602475,0.5496055839003157,9.641261152602475,0.5496055839003157,44.486444503466295,4.714868435339173
5,3,sum_square,optimistic_improvement_movement_cost2,False,nan,nan,True,ok,0.0014691844931841315,0.0014691844931841315,0.0014691844931841315,nan,nan,3.1221940659223932,0.28069495213812,3.1221940659223932,0.28069495213812,193.44864184856417,50.102301544385426
5,3,sum_square,budgeted_exploration,True,2,3.5,True,ok,0.003138060763280788,0.002376955136560862,0.002376955136560862,0.5111974972184056,5.042654002886709,5.273688434377479,0.5783498365260136,5.273688434377479,0.5783498365260132,44.23645037174225,3.9233622233199346
5,3,sum_square,lookahead_budgeted_exploration,True,31,34.0,True,ok,0.004541794459286643,0.004030059279877596,0.004030059279877596,0.44596005060948735,5.7156658418370485,4.600676595427139,0.21158544121918552,4.600676595427139,0.21158544121918552,191.17652288595835,56.947751225906124
5,3,sum_square,pure_bo,False,nan,nan,True,ok,0.03410122737478658,0.03410122737478658,0.03410122737478658,nan,nan,42.15211856081638,4.013878766299083,42.15211856081638,4.013878766299083,0.18591367244720458,0.1738452168847622
5,3,levy,earlbo,False,nan,nan,True,ok,0.0064695446536742335,0.0064695446536742335,0.0064695446536742335,nan,nan,8.80509540221995,0.6460549022542429,8.80509540221995,0.6460549022542443,85.21692252635957,7.841087444057652
5,3,levy,snake,True,0,2.0,True,ok,0.054740243530943845,0.054568335706087524,0.054568335706087524,nan,nan,14.601039150862716,0.9328431998814237,14.601039150862716,0.932843199881425,86.11898122469584,25.389740663005778
5,3,levy,log_improvement,True,2,1.75,True,ok,0.07877140783140062,0.07805831045441446,0.07805831045441446,nan,nan,13.865636404082528,1.627597128330607,13.865636404082528,1.6275971283306054,38.50090027014414,3.461015806074491
5,3,levy,log_improvement_movement_cost,True,5,2.75,True,ok,0.05547242182597376,0.055366076054205106,0.055366076054205106,nan,nan,14.44107026804244,3.05012230604176,14.44107026804244,3.05012230604176,46.56903532822927,3.1623671857163274
5,3,levy,log_improvement_movement_cost2,False,nan,nan,True,ok,0.22235869791658872,0.22235869791658872,0.22235869791658872,nan,nan,6.823203341097936,0.9947140984647356,6.823203341097936,0.9947140984647356,148.7359206946691,37.60418595634586
5,3,levy,optimistic_improvement,True,0,1.75,True,ok,0.05327717790218649,0.05033415379281625,0.05033415379281625,nan,nan,14.063223122928195,1.512324692299552,14.063223122928198,1.512324692299551,37.17094049930573,3.8175118266582415
5,3,levy,optimistic_improvement_movement_cost,True,0,1.75,True,ok,0.05763488308596937,0.05691712334950183,0.05691712334950183,nan,nan,13.977812547660186,1.7827233416655575,13.977812547660188,1.7827233416655575,46.62429438114166,4.277577833986285
5,3,levy,optimistic_improvement_movement_cost2,False,nan,nan,True,ok,0.22094439635998295,0.22094439635998295,0.22094439635998295,nan,nan,6.956943956894407,1.1224076790315827,6.956943956894409,1.1224076790315838,157.1715434741974,37.52737577270835
5,3,levy,budgeted_exploration,True,1,2.25,True,ok,0.2258356199795549,0.2258356199795549,0.2258356199795549,0.8315854822166532,1.4829058962012382,7.32218950601871,1.1222903162935545,7.322189506018712,1.1222903162935556,36.80962312380473,3.335163368544899
5,3,levy,lookahead_budgeted_exploration,True,64,21.5,True,ok,0.24768141081339481,0.24768141081339481,0.24768141081339481,0.851179265886377,1.3103807616988588,7.494714640521091,0.7985770934687662,7.494714640521091,0.7985770934687662,126.55838793118794,23.0113535972714
5,3,levy,pure_bo,False,nan,nan,True,ok,0.00013174796069358053,0.00013174796069358053,0.00013174796069358053,nan,nan,38.93015366939259,5.109561182267736,38.93015366939259,5.109561182267736,0.12051874319712323,0.06183813210485705
5,3,rosenbrock,earlbo,False,nan,nan,True,ok,3.6425488645617983,3.6425488645617983,3.6425488645617983,nan,nan,19.134063651192022,1.9695993581503086,19.134063651192022,1.9695993581503086,99.41370773951212,8.257097614832924
5,3,rosenbrock,snake,True,1,1.75,True,ok,3.7766319468357055,3.626374869290801,3.626374869290801,nan,nan,16.521991606590404,2.452932974083775,16.521991606590404,2.452932974083775,55.475755874315894,4.482080131377524
5,3,rosenbrock,log_improvement,True,2,1.5,True,ok,3.5491195074093405,3.5491195074093405,3.5491195074093405,nan,nan,16.90704610533668,1.1515261050105152,16.90704610533668,1.1515261050105152,48.72844911575317,6.149349304759222
5,3,rosenbrock,log_improvement_movement_cost,True,5,2.75,True,ok,3.361048838669837,3.339085005459266,3.339085005459266,nan,nan,15.18483790036007,2.1931035089381767,15.18483790036007,2.1931035089381767,230.76377959728242,59.53918579464039
5,3,rosenbrock,log_improvement_movement_cost2,False,nan,nan,True,ok,3.3155225847313288,3.28474286562087,3.28474286562087,nan,nan,6.0991975756966275,0.22586575244857485,6.0991975756966275,0.2258657524485751,230.09203385035198,36.86393178069998
5,3,rosenbrock,optimistic_improvement,True,0,1.75,True,ok,3.4488386704754417,3.384456976103196,3.384456976103196,nan,nan,16.69475284540623,2.5174917919719504,16.69475284540623,2.5174917919719504,35.58737047672272,3.7544694444413693
5,3,rosenbrock,optimistic_improvement_movement_cost,True,7,2.5,True,ok,3.451886682080663,3.4518866820806626,3.4518866820806626,nan,nan,15.809809985818552,1.096923902126698,15.809809985818552,1.096923902126698,172.5808549499512,92.5430745005108
5,3,rosenbrock,optimistic_improvement_movement_cost2,False,nan,nan,True,ok,3.421919177197432,3.421919177197432,3.421919177197432,nan,nan,6.2153581387342145,0.06422965481946205,6.2153581387342145,0.06422965481946213,175.79879541714988,24.14056122657082
5,3,rosenbrock,budgeted_exploration,True,0,3.75,True,ok,4.614361586297629,4.280285885041083,4.280285885041083,0.43604429050674715,10.790764441897059,8.343299209294965,0.484969018775871,8.343299209294964,0.4849690187758708,40.56531076749166,4.532312946965704
5,3,rosenbrock,lookahead_budgeted_exploration,True,65,31.0,True,ok,5.262010729112722,5.262010729112722,5.262010729112722,0.438158340659617,10.75031407171023,8.383749579481792,0.30272308702898815,8.38374957948179,0.3027230870289886,121.11494329293568,14.71386357415659
5,3,rosenbrock,pure_bo,False,nan,nan,True,ok,1.3333333333333333,1.3333333333333333,1.3333333333333333,nan,nan,43.95955622218767,2.864377398498814,43.95955622218767,2.864377398498814,0.4522053368886312,0.10716856514937306
5,5,ackley,earlbo,False,nan,nan,True,ok,0.10852782473241544,0.10852782473241544,0.10852782473241544,nan,nan,9.086944867931155,0.5588387283584645,9.086944867931157,0.5588387283584645,691.5942944542567,327.70516707514474
5,5,ackley,snake,True,0,1.5,True,ok,0.07788545929802308,0.07788545929802308,0.07788545929802308,nan,nan,7.525306263143258,0.4694570640826991,7.525306263143258,0.4694570640826991,194.93746899763744,54.551797424428116
5,5,ackley,log_improvement,True,2,1.25,True,ok,0.043141895512791205,0.043141895512791205,0.043141895512791205,nan,nan,7.692755417142955,0.3505375069456109,7.692755417142956,0.35053750694561137,63.42693262100219,5.527578933650612
5,5,ackley,log_improvement_movement_cost,True,7,3.0,True,ok,0.07562052243627375,0.07562052243627375,0.07562052243627375,nan,nan,8.056063740983097,1.2182650923304013,8.056063740983097,1.218265092330401,104.16125992774964,15.424996201022111
5,5,ackley,log_improvement_movement_cost2,False,nan,nan,True,ok,0.04987783849282149,0.04987783849282149,0.04987783849282149,nan,nan,3.110797605627829,0.105800888500976,3.110797605627829,0.105800888500976,237.68976011117297,45.65913218734903
5,5,ackley,optimistic_improvement,True,0,2.0,True,ok,0.08796831070600246,0.08796831070600246,0.08796831070600246,nan,nan,9.282299038496467,0.7322724468916566,9.282299038496467,0.732272446891656,63.947546941439306,12.92295144807054
5,5,ackley,optimistic_improvement_movement_cost,True,0,3.25,True,ok,0.11603864679669747,0.11603864679669747,0.11603864679669747,nan,nan,9.869363739937667,0.30168670415013255,9.869363739937667,0.30168670415013255,115.60501194318135,30.190931748138137
5,5,ackley,optimistic_improvement_movement_cost2,False,nan,nan,True,ok,0.04825553044048213,0.04444494343084715,0.04444494343084715,nan,nan,3.1337997386970464,0.10772154709752277,3.1337997386970464,0.10772154709752256,224.2461743847529,40.54449488430965
5,5,ackley,budgeted_exploration,True,2,3.0,True,ok,0.100601265917115,0.100601265917115,0.100601265917115,0.4879802397401005,4.6526953327730345,4.434249535158121,0.2296384049847886,4.434249535158121,0.22963840498478932,65.84951762199401,10.96932562959672
5,5,ackley,lookahead_budgeted_exploration,True,67,48.0,False,,nan,nan,nan,nan,nan,nan,nan,nan,nan,nan,nan
5,5,ackley,pure_bo,False,nan,nan,True,ok,0.6322631327964227,0.6322631327964227,0.6322631327964227,nan,nan,46.732789469507516,4.264002176915993,46.732789469507516,4.264002176915993,0.3557329146067301,0.12474906187105177
5,5,sphere,earlbo,False,nan,nan,True,ok,0.0013214695316084606,0.0013214695316084606,0.0013214695316084606,nan,nan,9.164421236788757,0.3426657019210959,9.164421236788757,0.3426657019210959,312.95782521724703,67.19513898629573
5,5,sphere,snake,True,0,1.5,True,ok,0.002148192607279722,0.002148192607279722,0.002148192607279722,nan,nan,9.635011097937928,0.8897824081755062,9.635011097937927,0.8897824081755067,58.991990893681844,7.04454225955908
5,5,sphere,log_improvement,True,2,1.25,True,ok,0.0003450600197804821,0.0003450600197804821,0.0003450600197804821,nan,nan,8.119608734156593,0.4134686291123663,8.119608734156593,0.4134686291123667,61.52888494968414,6.048473092958406
5,5,sphere,log_improvement_movement_cost,True,7,3.0,True,ok,0.0013500534912965678,0.0013500534912965678,0.0013500534912965678,nan,nan,8.846846035984713,0.7715204685552401,8.846846035984713,0.7715204685552393,84.75690629323324,12.456627343038006
5,5,sphere,log_improvement_movement_cost2,False,nan,nan,True,ok,0.0007357736533715759,0.0007089222197516477,0.0007089222197516477,nan,nan,2.5170205353270636,0.1423270223085236,2.5170205353270636,0.14232702230852345,269.12212803522743,87.6130319566441
5,5,sphere,optimistic_improvement,True,0,2.0,True,ok,0.000657265864286711,0.000657265864286711,0.000657265864286711,nan,nan,9.246323470790566,0.5026810588542071,9.246323470790564,0.5026810588542064,53.49959427515666,5.664099826024095
5,5,sphere,optimistic_improvement_movement_cost,True,1,3.25,True,ok,0.0017927174988890196,0.0017927174988890196,0.0017927174988890196,nan,nan,10.046215872248114,0.3330679055649955,10.046215872248112,0.333067905564995,281.4998463249206,90.50892818656222
5,5,sphere,optimistic_improvement_movement_cost2,False,nan,nan,True,ok,0.0006687609427659027,0.0006687609427659027,0.0006687609427659027,nan,nan,2.5828821765504606,0.12177687487623841,2.5828821765504606,0.12177687487623841,249.31034594853722,83.07680435315278
5,5,sphere,budgeted_exploration,True,2,3.75,True,ok,0.000994671147302513,0.0009577564504217334,0.0009577564504217334,0.3891342508427333,5.598231044403729,3.566190192385027,0.05256505520712082,3.566190192385027,0.05256505520712082,54.245117993354796,4.34802057860675
5,5,sphere,lookahead_budgeted_exploration,True,72,59.25,True,ok,0.0008444950492688341,0.000844495049268834,0.000844495049268834,0.3324567636980642,6.1176474112401555,3.0467738255486014,0.06230443198099143,3.0467738255486014,0.06230443198099146,144.94081526438396,9.968363668269959
5,5,sphere,pure_bo,False,nan,nan,True,ok,0.01360278191608071,0.01360278191608071,0.01360278191608071,nan,nan,42.93357400592193,5.33966633946818,42.93357400592192,5.339666339468183,0.13169483502705892,0.12770159070196016
5,5,sum_square,earlbo,False,nan,nan,True,ok,0.002899218211770178,0.002899218211770178,0.002899218211770178,nan,nan,10.821548364478367,1.0881741604107649,10.82154836447837,1.088174160410764,132.51997039318084,11.180804137635883
5,5,sum_square,snake,True,0,1.75,True,ok,0.004475814849713161,0.004475814849713161,0.004475814849713161,nan,nan,10.934982738464067,0.8343339407362577,10.934982738464067,0.8343339407362571,90.46008924484254,11.6158898115672
5,5,sum_square,log_improvement,True,2,1.0,True,ok,0.0012599883178304723,0.0012599883178304723,0.0012599883178304723,nan,nan,9.886825825736041,0.900285165612432,9.886825825736041,0.9002851656124315,63.55786357561747,6.458647199320835
5,5,sum_square,log_improvement_movement_cost,True,4,3.25,True,ok,0.005619556927720538,0.005619556927720538,0.005619556927720538,nan,nan,11.321470647628535,0.5567120481605261,11.321470647628535,0.5567120481605261,554.2176797691981,97.61890767694531
5,5,sum_square,log_improvement_movement_cost2,False,nan,nan,True,ok,0.0018125113522970838,0.0018125113522970838,0.0018125113522970838,nan,nan,2.7998956890360476,0.15874623571212362,2.7998956890360476,0.15874623571212362,200.41810016949975,20.910379244980312
5,5,sum_square,optimistic_improvement,True,2,1.75,True,ok,0.001007556790644757,0.001007556790644757,0.001007556790644757,nan,nan,9.568616989659695,0.16692269853157,9.568616989659695,0.1669226985315709,57.77461673577627,5.781104033167634
5,5,sum_square,optimistic_improvement_movement_cost,True,5,3.75,True,ok,0.005160203549219652,0.005160203549219652,0.005160203549219652,nan,nan,11.881465646981638,1.2890757582559975,11.881465646981638,1.2890757582559975,70.37021516482035,6.989256432527836
5,5,sum_square,optimistic_improvement_movement_cost2,False,nan,nan,True,ok,0.0018094378062818363,0.0018094378062818363,0.0018094378062818363,nan,nan,2.8566611932245967,0.20461110214738776,2.8566611932245976,0.2046111021473876,202.6887411896388,32.317624591860245
5,5,sum_square,budgeted_exploration,True,2,3.75,True,ok,0.0032162062122708763,0.0032162062122708768,0.0032162062122708768,0.41409665963506886,6.3403813346685345,4.4811670298098365,0.20866135622457593,4.4811670298098365,0.20866135622457593,56.114881772995,5.69371403173693
5,5,sum_square,lookahead_budgeted_exploration,True,6,57.25,True,ok,0.004437535761972002,0.004437535761972002,0.004437535761972002,0.40996552179971796,6.3850866425541115,4.4364617219242595,0.16258970583980692,4.4364617219242595,0.16258970583980692,133.05272341887158,12.452663722353487
5,5,sum_square,pure_bo,False,nan,nan,True,ok,0.03410122737478658,0.03410122737478658,0.03410122737478658,nan,nan,42.15211856081638,4.013878766299083,42.15211856081638,4.013878766299083,0.1614318307240804,0.14996754070330962
5,5,levy,earlbo,False,nan,nan,True,ok,0.0034223086581370217,0.0034223086581370217,0.0034223086581370217,nan,nan,6.91436154695436,0.7453404134006436,6.91436154695436,0.7453404134006438,125.48345926125843,10.087262991102062
5,5,levy,snake,True,0,1.75,True,ok,0.08233879888342939,0.08233879888342939,0.08233879888342939,nan,nan,13.591790508201358,1.7905143455039096,13.591790508201358,1.790514345503908,92.84274210453033,8.389475176424346
5,5,levy,log_improvement,True,2,1.25,True,ok,0.04906805057638507,0.04683084358300907,0.04683084358300907,nan,nan,11.89480866996007,1.6220970517279514,11.89480866996007,1.6220970517279523,75.83322058041891,9.269616744766418
5,5,levy,log_improvement_movement_cost,True,4,3.0,True,ok,0.05796632701714233,0.056488151573683705,0.056488151573683705,nan,nan,13.928441031341947,1.976858502786724,13.928441031341947,1.976858502786724,83.5405766693751,6.956663356905357
5,5,levy,log_improvement_movement_cost2,False,nan,nan,True,ok,0.2147567074037453,0.20957454908327564,0.20957454908327564,nan,nan,7.203562773753336,0.6206297237421503,7.203562773753336,0.6206297237421498,249.11746670087177,44.31772045150427
5,5,levy,optimistic_improvement,True,1,1.5,True,ok,0.051845128897637704,0.05109763891850785,0.05109763891850785,nan,nan,12.611284564890193,0.3017689030149014,12.611284564890191,0.3017689030149008,51.12358008861542,4.754204319499144
5,5,levy,optimistic_improvement_movement_cost,True,5,3.25,True,ok,0.07785566695978322,0.07781897226250307,0.07781897226250307,nan,nan,12.980731007989007,0.5218555696491289,12.980731007989009,0.5218555696491297,160.85682667573292,28.519908968991782
5,5,levy,optimistic_improvement_movement_cost2,False,nan,nan,True,ok,0.22523310799167073,0.21929946147781706,0.21929946147781706,nan,nan,6.949623438330126,0.5745260093997556,6.949623438330128,0.5745260093997557,224.32687019824982,40.01850790904049
5,5,levy,budgeted_exploration,True,1,2.5,True,ok,0.26748000744583955,0.2657228361353055,0.2657228361353055,0.9623057424089697,0.26063172522841277,6.653729821725946,0.31740969918468914,6.653729821725946,0.31740969918468953,67.22925849278768,8.583586501128158
5,5,levy,lookahead_budgeted_exploration,True,72,15.75,True,ok,0.2871366506926442,0.2766875264298524,0.2766875264298524,0.9514527908018019,0.3356729564919698,6.578688590462389,0.4747132475928176,6.578688590462389,0.4747132475928175,135.3609350156784,26.10346414819159
5,5,levy,pure_bo,False,nan,nan,True,ok,0.00013174796069358053,0.00013174796069358053,0.00013174796069358053,nan,nan,38.93015366939259,5.109561182267736,38.93015366939259,5.109561182267736,0.11736936887105305,0.059165854280522755
5,5,rosenbrock,earlbo,False,nan,nan,True,ok,3.6385712232016947,3.6385712232016947,3.6385712232016947,nan,nan,21.56365402349839,4.278476356628418,21.56365402349839,4.278476356628418,160.1248719294866,17.543315004220343
5,5,rosenbrock,snake,True,0,1.5,True,ok,3.429210251437676,3.40457408096599,3.40457408096599,nan,nan,13.768690972642167,2.383474953321027,13.768690972642167,2.383474953321027,117.9811907196045,12.49024722451392
5,5,rosenbrock,log_improvement,True,2,1.25,True,ok,3.4972061634760103,3.357916674653435,3.357916674653435,nan,nan,14.717345515345386,1.5328467889354125,14.717345515345386,1.5328467889354125,84.23437344551087,8.34929847816402
5,5,rosenbrock,log_improvement_movement_cost,True,7,3.0,True,ok,3.673271988473869,3.673271988473869,3.673271988473869,nan,nan,14.22744299771363,1.266043560150512,14.22744299771363,1.2660435601505124,201.77548604806262,29.066681006945128
5,5,rosenbrock,log_improvement_movement_cost2,False,nan,nan,True,ok,4.122103752697479,4.110292309167649,4.110292309167649,nan,nan,5.209672840816266,0.31720359617659705,5.209672840816267,0.31720359617659655,187.10314172585802,23.237757035586256
5,5,rosenbrock,optimistic_improvement,True,1,1.5,True,ok,4.356620636579641,4.356620636579641,4.356620636579641,nan,nan,15.8164600974907,2.1735178203879344,15.816460097490703,2.173517820387936,78.42619758288066,14.837779121587
5,5,rosenbrock,optimistic_improvement_movement_cost,True,1,3.25,True,ok,3.7376843038127676,3.6644287539755105,3.6644287539755105,nan,nan,13.340291086649138,0.5699144396315483,13.340291086649138,0.5699144396315481,180.43957924048107,37.42706615516128
5,5,rosenbrock,optimistic_improvement_movement_cost2,False,nan,nan,True,ok,3.7520285436429885,3.7288809438510797,3.7288809438510797,nan,nan,5.6652072705273175,0.4769422260727987,5.665207270527316,0.47694222607279907,162.4511944325765,21.231370804526094
5,5,rosenbrock,budgeted_exploration,True,0,3.25,True,ok,5.311659451766275,5.284015753534324,5.284015753534324,0.32145339839507997,14.631944155829089,6.931709867669297,0.6327638750404501,6.931709867669297,0.6327638750404496,59.938198100725806,6.450568043666084
5,5,rosenbrock,lookahead_budgeted_exploration,True,78,52.25,False,,nan,nan,nan,nan,nan,nan,nan,nan,nan,nan,nan
5,5,rosenbrock,pure_bo,False,nan,nan,True,ok,1.3333333333333333,1.3333333333333333,1.3333333333333333,nan,nan,43.95955622218767,2.864377398498814,43.95955622218767,2.864377398498814,0.4121178770065308,0.07830934909000127
10,3,ackley,earlbo,False,nan,nan,True,ok,0.5366152938001147,0.5366152938001147,0.5366152938001147,nan,nan,17.793271019215055,1.384940715437244,17.793271019215055,1.3849407154372455,105.35781178633373,13.780164918968106
10,3,ackley,snake,True,0,1.5,True,ok,0.17427061906400163,0.17427061906400163,0.17427061906400163,nan,nan,11.839256671588885,0.5397045072333001,11.839256671588885,0.5397045072332993,204.82154417991637,51.3065913538741
10,3,ackley,log_improvement,True,2,1.75,True,ok,0.18886669011117993,0.1848352254356939,0.1848352254356939,nan,nan,13.044388524246747,1.9890037499917546,13.044388524246747,1.9890037499917546,54.306900760332745,4.351936564481063
10,3,ackley,log_improvement_movement_cost,True,4,2.0,True,ok,0.18266733449746342,0.18266733449746342,0.18266733449746342,nan,nan,15.709128885241023,1.7536292239015925,15.709128885241023,1.7536292239015925,128.64025502840676,21.235033368206253
10,3,ackley,log_improvement_movement_cost2,False,nan,nan,True,ok,0.13832108810858226,0.13832108810858226,0.13832108810858226,nan,nan,6.595879967903912,0.27712920333430496,6.595879967903912,0.27712920333430496,162.33484054247538,18.82232327376155
10,3,ackley,optimistic_improvement,True,2,1.0,True,ok,0.16036699035844673,0.16036699035844673,0.16036699035844673,nan,nan,11.13858320251046,2.2553437370804135,11.138583202510459,2.2553437370804126,50.4664871486028,4.345993891537091
10,3,ackley,optimistic_improvement_movement_cost,True,5,3.5,True,ok,0.323190880284248,0.323190880284248,0.323190880284248,nan,nan,22.744227825273338,3.0517875070118845,22.744227825273338,3.0517875070118845,77.20595748265585,13.995499120123952
10,3,ackley,optimistic_improvement_movement_cost2,False,nan,nan,True,ok,0.13914824211996496,0.13831320789521984,0.13831320789521984,nan,nan,6.289492204737272,0.22536030694621675,6.289492204737272,0.22536030694621645,136.74800402323407,31.64141119427649
10,3,ackley,budgeted_exploration,True,1,2.5,True,ok,0.2701856697791972,0.2648292306841277,0.2648292306841277,0.4408955470674288,9.948297059079207,7.844973960135849,0.39761767720399654,7.844973960135849,0.39761767720399677,37.85602809429169,2.719490683462133
10,3,ackley,lookahead_budgeted_exploration,True,74,28.25,True,ok,0.27406708470944513,0.27406708470944513,0.27406708470944513,0.44859942003001585,9.811219959558292,7.9820510596567615,0.10587888972925016,7.982051059656762,0.10587888972924935,171.912453640302,48.202148152016605
10,3,ackley,pure_bo,False,nan,nan,True,ok,0.9101671190359485,0.9101671190359485,0.9101671190359485,nan,nan,53.73927022686706,4.54623784011274,53.73927022686706,4.54623784011274,1.047682630221049,0.521795748341883
10,3,sphere,earlbo,False,nan,nan,True,ok,0.021692947926061495,0.021692947926061495,0.021692947926061495,nan,nan,18.37530580100345,0.8308484430398688,18.37530580100345,0.8308484430398673,101.31279851754506,7.949626389667709
10,3,sphere,snake,True,0,1.75,True,ok,0.009457266134169336,0.009457266134169336,0.009457266134169336,nan,nan,19.214453064940738,1.5976735821039614,19.214453064940738,1.5976735821039614,202.40868484814962,55.57946333460445
10,3,sphere,log_improvement,True,2,1.75,True,ok,0.009126420071138883,0.009126420071138883,0.009126420071138883,nan,nan,18.441286630797407,1.3110285474203065,18.441286630797407,1.311028547420305,44.46628547032674,5.49368938489404
10,3,sphere,log_improvement_movement_cost,True,4,2.75,True,ok,0.005875577161889651,0.0047112809157206755,0.0047112809157206755,nan,nan,20.266763221590235,0.5442876876988813,20.26676322159023,0.5442876876988805,65.1433263349533,8.835604647030372
10,3,sphere,log_improvement_movement_cost2,False,nan,nan,True,ok,0.0061145567914514,0.0061145567914514,0.0061145567914514,nan,nan,5.67938340669383,0.19707688126020714,5.67938340669383,0.19707688126020695,202.54547585805255,34.53187580785465
10,3,sphere,optimistic_improvement,True,2,1.0,True,ok,0.006897076211274509,0.006897076211274509,0.006897076211274509,nan,nan,18.65634716218196,0.3569918371719917,18.65634716218196,0.3569918371719917,55.3892486222585,6.525038726172944
10,3,sphere,optimistic_improvement_movement_cost,True,4,3.25,True,ok,0.013054333354576902,0.013054333354576902,0.013054333354576902,nan,nan,21.606982993623458,0.5738786682470809,21.606982993623458,0.5738786682470814,132.85479574203492,46.605443385783865
10,3,sphere,optimistic_improvement_movement_cost2,False,nan,nan,True,ok,0.005893363338033163,0.005893363338033163,0.005893363338033163,nan,nan,5.680311262205007,0.21682824398833614,5.680311262205007,0.21682824398833653,228.37672653516134,47.52983834834199
10,3,sphere,budgeted_exploration,True,2,1.75,True,ok,0.006465206989256349,0.006465206989256349,0.006465206989256349,0.42144687402376846,10.631090611939731,7.744215189063724,0.19646845871587915,7.744215189063724,0.1964684587158787,45.41735681851705,4.897424571846986
10,3,sphere,lookahead_budgeted_exploration,True,11,43.75,True,ok,0.012750970623592128,0.012750970623592128,0.012750970623592128,0.44165785624055315,10.25970763316767,8.11559816783579,0.12669738470184785,8.115598167835786,0.1266973847018484,188.63168335755665,50.00942205572688
10,3,sphere,pure_bo,False,nan,nan,True,ok,0.023261476389419763,0.023261476389419763,0.023261476389419763,nan,nan,82.25482162976972,2.638824956542661,82.25482162976972,2.638824956542661,2.5494707202911377,0.5577287036458419
10,3,sum_square,earlbo,False,nan,nan,True,ok,0.10835838158574496,0.10835838158574496,0.10835838158574496,nan,nan,20.170784895792536,2.990588255450961,20.17078489579254,2.9905882554509606,81.22999080022176,6.915903587456742
10,3,sum_square,snake,True,0,1.5,True,ok,0.05181687373924045,0.05181687373924045,0.05181687373924045,nan,nan,19.03844120151494,2.164626605173568,19.038441201514935,2.164626605173569,42.01312017758688,3.8996623222725604
10,3,sum_square,log_improvement,True,0,1.75,True,ok,0.049402700488159604,0.04376532488563673,0.04376532488563673,nan,nan,16.872145064672633,1.7662238262436858,16.872145064672633,1.7662238262436858,44.083618992169704,5.540683499204491
10,3,sum_square,log_improvement_movement_cost,True,4,2.75,True,ok,0.05217883366446315,0.05217883366446315,0.05217883366446315,nan,nan,20.0931602729289,1.3190428100846698,20.0931602729289,1.319042810084673,41.64041855494181,3.972443255498696
10,3,sum_square,log_improvement_movement_cost2,False,nan,nan,True,ok,0.046463837689620896,0.04629691860526396,0.04629691860526396,nan,nan,6.796562180080375,0.21922557249952662,6.796562180080376,0.21922557249952637,188.42066863377886,43.432815569084276
10,3,sum_square,optimistic_improvement,True,2,1.0,True,ok,0.04026636635020042,0.04026636635020042,0.04026636635020042,nan,nan,19.931846372599278,0.9885433241896319,19.931846372599274,0.9885433241896305,50.563163684209194,5.665677414010641
10,3,sum_square,optimistic_improvement_movement_cost,True,3,3.5,True,ok,0.053977021991432374,0.053977021991432374,0.053977021991432374,nan,nan,20.50621794192817,0.7060743338407623,20.506217941928174,0.7060743338407608,429.1656366729737,108.08460579018112
10,3,sum_square,optimistic_improvement_movement_cost2,False,nan,nan,True,ok,0.042300573123641334,0.04213527535670621,0.04213527535670621,nan,nan,6.5495423917330635,0.4832702416448454,6.5495423917330635,0.48327024164484644,223.19179269154867,52.52070448455387
10,3,sum_square,budgeted_exploration,True,1,3.0,True,ok,0.07372595672630362,0.07372595672630362,0.07372595672630362,0.4084999687647157,11.931019895901487,8.239764999891053,0.202267804805417,8.239764999891053,0.20226780480541828,52.258747436205546,5.51401254131611
10,3,sum_square,lookahead_budgeted_exploration,True,71,22.0,True,ok,0.09027146462213158,0.09027146462213158,0.09027146462213158,0.4177275641203846,11.744892054876876,8.425892840915663,0.25970111051094663,8.425892840915663,0.25970111051094663,113.6319805208842,12.832674889031438
10,3,sum_square,pure_bo,False,nan,nan,True,ok,0.15412068801040532,0.15412068801040532,0.15412068801040532,nan,nan,71.7540387994829,4.629676344656609,71.7540387994829,4.629676344656609,2.6091308911641438,0.5070970359597711
10,3,levy,earlbo,False,nan,nan,True,ok,0.14713161811552944,0.14713161811552944,0.14713161811552944,nan,nan,17.100970130158657,1.9545130020834012,17.100970130158657,1.9545130020834012,149.42320464928946,23.01762920641025
10,3,levy,snake,True,0,1.5,True,ok,0.23418598122901021,0.23418598122901024,0.23418598122901024,nan,nan,27.853518786844703,0.7415522659588725,27.853518786844703,0.7415522659588749,55.01274003982544,6.147727770631668
10,3,levy,log_improvement,True,1,1.75,True,ok,0.27757323259091266,0.2587183319069249,0.2587183319069249,nan,nan,28.230920180004944,2.357086120829855,28.230920180004944,2.357086120829855,42.645330713589985,3.1972913635199056
10,3,levy,log_improvement_movement_cost,True,4,1.75,True,ok,0.2686867210439713,0.24885137414207206,0.24885137414207206,nan,nan,28.307075563483096,1.3088062014184543,28.307075563483092,1.3088062014184556,65.1553410323461,9.116378531884083
10,3,levy,log_improvement_movement_cost2,False,nan,nan,True,ok,0.6046814510726811,0.6046814510726811,0.6046814510726811,nan,nan,10.990094074489951,0.35047763718653957,10.990094074489948,0.35047763718653807,112.9513652308782,16.715761753533467
10,3,levy,optimistic_improvement,True,2,1.0,True,ok,0.23547392322081687,0.2341361275791067,0.2341361275791067,nan,nan,28.588766836950665,0.7155778649488506,28.588766836950665,0.7155778649488508,53.964370834032685,5.258896088626248
10,3,levy,optimistic_improvement_movement_cost,True,8,3.0,True,ok,0.2602663612238537,0.2471816030253601,0.2471816030253601,nan,nan,29.92144444134965,1.0754157372215019,29.92144444134965,1.0754157372215023,49.57466357390086,4.060383636230125
10,3,levy,optimistic_improvement_movement_cost2,False,nan,nan,True,ok,0.618122917477694,0.618122917477694,0.618122917477694,nan,nan,10.698544665938499,0.540881845661304,10.698544665938499,0.540881845661304,125.59008589108787,19.14453616989378
10,3,levy,budgeted_exploration,True,2,3.0,True,ok,0.6279280397018868,0.6279280397018868,0.6279280397018868,0.6934415415694807,5.242447040767795,11.858523089390864,0.4723433427164873,11.858523089390863,0.47234334271648826,39.88900839646657,3.457666595566081
10,3,levy,lookahead_budgeted_exploration,True,11,52.0,True,ok,0.593201228135766,0.593201228135766,0.593201228135766,0.714394623951646,4.88412900481563,12.216841125343029,0.6685023863251598,12.216841125343029,0.6685023863251611,176.29263893286387,32.290807939618844
10,3,levy,pure_bo,False,nan,nan,True,ok,0.0712021525468235,0.0712021525468235,0.0712021525468235,nan,nan,53.92448911100564,6.366485299056197,53.92448911100564,6.366485299056197,1.0421491575241089,0.38663839326791766
10,3,rosenbrock,earlbo,False,nan,nan,True,ok,18.61368473228444,18.61368473228444,18.61368473228444,nan,nan,36.21277134721858,4.186741684436148,36.21277134721858,4.186741684436148,91.81227104822796,10.467570159112165
10,3,rosenbrock,snake,True,0,1.75,True,ok,20.672189967496358,20.358827195169358,20.358827195169358,nan,nan,23.3904831601555,0.1532355017865049,23.390483160155497,0.15323550178650347,139.82011543750764,36.96012542766345
10,3,rosenbrock,log_improvement,True,0,1.75,True,ok,19.67972333898366,19.67972333898366,19.67972333898366,nan,nan,21.73210480759931,4.324143265541784,21.73210480759931,4.324143265541784,45.492594016393035,4.408617095160756
10,3,rosenbrock,log_improvement_movement_cost,True,4,2.75,True,ok,16.8780306492391,16.04890706762531,16.04890706762531,nan,nan,20.565415438097393,2.683635024052263,20.565415438097393,2.6836350240522644,52.7481225458781,4.342085330708078
10,3,rosenbrock,log_improvement_movement_cost2,False,nan,nan,True,ok,18.903573092000208,18.471839186808733,18.471839186808733,nan,nan,11.991850777119588,1.8496685146461314,11.99185077711959,1.8496685146461318,112.37480950196584,14.411398724199854
10,3,rosenbrock,optimistic_improvement,True,2,1.0,True,ok,16.480565564632332,16.480565564632332,16.480565564632332,nan,nan,23.660495796389256,2.0244675679816067,23.66049579638926,2.0244675679816058,60.710067176818846,6.590022475853783
10,3,rosenbrock,optimistic_improvement_movement_cost,True,8,3.25,True,ok,20.052660925054866,19.959702577229503,19.959702577229503,nan,nan,23.555407775642333,5.2304938146361435,23.555407775642333,5.230493814636143,57.90465231895447,4.366309640435143
10,3,rosenbrock,optimistic_improvement_movement_cost2,False,nan,nan,True,ok,17.6615732447171,17.505321042017226,17.505321042017226,nan,nan,11.274536432213319,1.9009872589021584,11.274536432213319,1.9009872589021577,125.20258516947429,35.53359804212145
10,3,rosenbrock,budgeted_exploration,True,1,3.5,True,ok,18.504080329900503,18.024087062473896,18.024087062473896,0.3524704621470344,23.44883909483956,12.76393225237902,1.623122694451625,12.763932252379016,1.623122694451627,54.180187331835434,3.5647169713176177
10,3,rosenbrock,lookahead_budgeted_exploration,True,57,57.75,True,ok,20.46318334334892,20.194202022557402,20.194202022557402,0.3520880224489389,23.46268829618079,12.750083051037784,1.4344814847367955,12.750083051037784,1.4344814847367962,94.92029018719991,9.465960343541534
10,3,rosenbrock,pure_bo,False,nan,nan,True,ok,29.920781704889965,29.920781704889965,29.920781704889965,nan,nan,49.14341786868224,2.0926907718783183,49.14341786868224,2.0926907718783183,2.6150910472869873,0.4363617916962726
10,5,ackley,earlbo,False,nan,nan,True,ok,0.32556240654763896,0.32556240654763896,0.32556240654763896,nan,nan,13.446194788122291,1.0688465845214092,13.446194788122291,1.0688465845214083,268.09761562347416,59.64513586577044
10,5,ackley,snake,True,0,1.75,True,ok,0.14311861082288546,0.14311861082288546,0.14311861082288546,nan,nan,10.667544661753794,0.24171579006362723,10.667544661753794,0.24171579006362726,68.34073478062948,6.161646806101501
10,5,ackley,log_improvement,True,0,1.5,True,ok,0.15357007662945746,0.14151845221025092,0.14151845221025092,nan,nan,7.376468400863274,0.6227299951081238,7.376468400863274,0.6227299951081238,70.04782568454742,5.733284888650158
10,5,ackley,log_improvement_movement_cost,True,7,1.75,True,ok,0.1478265854833277,0.1478265854833277,0.1478265854833277,nan,nan,8.146867074627432,0.5300057000158381,8.146867074627432,0.5300057000158381,227.4810127592087,35.0187775524765
10,5,ackley,log_improvement_movement_cost2,False,nan,nan,True,ok,0.14517911230069624,0.1357675446735548,0.1357675446735548,nan,nan,5.556456150255973,0.2929792907424288,5.556456150255973,0.29297929074242884,331.6300357866287,90.9194771712544
10,5,ackley,optimistic_improvement,True,1,1.75,True,ok,0.14548143733507546,0.13370617280876518,0.13370617280876518,nan,nan,13.591431991073241,1.9907779951400946,13.591431991073241,1.9907779951400948,69.48778352578482,5.956628891663006
10,5,ackley,optimistic_improvement_movement_cost,True,0,3.75,True,ok,0.2714914412564278,0.2714914412564278,0.2714914412564278,nan,nan,21.667027955810784,4.269820660298368,21.667027955810784,4.269820660298368,327.38224356333416,70.97764523217688
10,5,ackley,optimistic_improvement_movement_cost2,False,nan,nan,True,ok,0.13016522377652912,0.12441816864309792,0.12441816864309792,nan,nan,5.653194227791922,0.23799100087893976,5.653194227791922,0.23799100087893976,304.92435205141703,63.17737941396033
10,5,ackley,budgeted_exploration,True,5,3.0,True,ok,0.17993952027136872,0.17993952027136872,0.17993952027136872,0.4701028768232672,7.125099935899981,6.321094852222312,0.30749721314023626,6.321094852222312,0.30749721314023704,73.86120150566101,4.594190505993468
10,5,ackley,lookahead_budgeted_exploration,True,34,34.5,False,,nan,nan,nan,nan,nan,nan,nan,nan,nan,nan,nan
10,5,ackley,pure_bo,False,nan,nan,True,ok,0.9101671190359485,0.9101671190359485,0.9101671190359485,nan,nan,53.73927022686706,4.54623784011274,53.73927022686706,4.54623784011274,1.4198453013102215,1.677606057809722
10,5,sphere,earlbo,False,nan,nan,True,ok,0.01710540075731626,0.01710540075731626,0.01710540075731626,nan,nan,18.687805961467998,1.2034498790985855,18.68780596146799,1.203449879098587,141.48857996145884,10.755508132406142
10,5,sphere,snake,True,0,1.5,True,ok,0.011227142308126534,0.011227142308126534,0.011227142308126534,nan,nan,20.179708312003218,0.966566988367747,20.179708312003218,0.966566988367747,80.27160594463349,9.959898214494821
10,5,sphere,log_improvement,True,0,1.5,True,ok,0.006651356965683785,0.006651356965683786,0.006651356965683786,nan,nan,18.657025132530805,0.8944094134037404,18.657025132530805,0.8944094134037404,103.60743654410044,14.104128213641383
10,5,sphere,log_improvement_movement_cost,True,7,2.25,True,ok,0.00826913250408365,0.00826913250408365,0.00826913250408365,nan,nan,18.677284277220007,0.9827840933895288,18.677284277220007,0.9827840933895299,83.89979039986929,9.82370439104369
10,5,sphere,log_improvement_movement_cost2,False,nan,nan,True,ok,0.006521299341096206,0.006521299341096207,0.006521299341096207,nan,nan,5.052771250512678,0.25600577955464787,5.052771250512678,0.25600577955464787,331.6266238149007,70.8410495671175
10,5,sphere,optimistic_improvement,True,0,2.0,True,ok,0.007448420736244968,0.0074484207362449685,0.0074484207362449685,nan,nan,19.919310477316188,0.5751633249653821,19.919310477316188,0.5751633249653837,71.18832252820333,7.789762736437467
10,5,sphere,optimistic_improvement_movement_cost,True,0,2.75,True,ok,0.010503039454552431,0.010503039454552431,0.010503039454552431,nan,nan,22.500280034536246,0.369442339882513,22.500280034536246,0.369442339882513,98.52023220698038,12.88808059741757
10,5,sphere,optimistic_improvement_movement_cost2,False,nan,nan,True,ok,0.004599575252178131,0.004599575252178131,0.004599575252178131,nan,nan,4.99069054611164,0.2497967659656678,4.99069054611164,0.2497967659656678,282.1705139033,44.36669071734866
10,5,sphere,budgeted_exploration,True,5,2.75,True,ok,0.012549968924237195,0.012549968924237195,0.012549968924237195,0.3422859782127719,12.291232017296451,6.396573944171544,0.2911286441660379,6.396573944171543,0.2911286441660377,83.22764618237814,5.321357774626573
10,5,sphere,lookahead_budgeted_exploration,True,34,27.5,True,ok,0.01174692572047326,0.011176466918540138,0.011176466918540138,0.36837952925349465,11.803600798601762,6.884205162866231,0.16645524185153374,6.884205162866231,0.16645524185153374,165.61581436316172,29.542355072589988
10,5,sphere,pure_bo,False,nan,nan,True,ok,0.023261476389419763,0.023261476389419763,0.023261476389419763,nan,nan,82.25482162976972,2.638824956542661,82.25482162976972,2.638824956542661,2.777741681734721,1.5917911460409204
10,5,sum_square,earlbo,False,nan,nan,True,ok,0.07475690030949877,0.07475690030949877,0.07475690030949877,nan,nan,19.1594641524874,0.7241434281897973,19.1594641524874,0.7241434281897973,360.2024136718114,116.0311540818666
10,5,sum_square,snake,True,2,1.75,True,ok,0.04351297522041184,0.03948633088170999,0.03948633088170999,nan,nan,19.74021165061021,2.054717185217709,19.74021165061021,2.054717185217709,211.57292919476825,40.9537493917207
10,5,sum_square,log_improvement,True,0,1.75,True,ok,0.0477563549991424,0.0477563549991424,0.0477563549991424,nan,nan,18.556980865691035,0.7861803821840969,18.556980865691035,0.7861803821840951,73.55478064219157,6.048763580595685
10,5,sum_square,log_improvement_movement_cost,True,7,2.25,True,ok,0.040930626922322695,0.039360437989749204,0.039360437989749204,nan,nan,16.28770727265601,2.3357958061156037,16.28770727265601,2.3357958061156023,82.65362207571665,8.298380233536038
10,5,sum_square,log_improvement_movement_cost2,False,nan,nan,True,ok,0.031859323998629265,0.031859323998629265,0.031859323998629265,nan,nan,5.604755698528464,0.47894634419044285,5.604755698528464,0.47894634419044285,174.76847130139672,10.25664604407691
10,5,sum_square,optimistic_improvement,True,2,1.75,True,ok,0.03613832063247193,0.03613832063247193,0.03613832063247193,nan,nan,19.7367071544959,1.9220341531289589,19.7367071544959,1.9220341531289589,73.39999087333679,6.853680461086789
10,5,sum_square,optimistic_improvement_movement_cost,True,0,3.5,True,ok,0.08164279568675456,0.08016487573257508,0.08016487573257508,nan,nan,22.634216105712724,1.4496896205460987,22.634216105712724,1.4496896205460987,79.3636304918925,11.364003960020026
10,5,sum_square,optimistic_improvement_movement_cost2,False,nan,nan,True,ok,0.029704790474647098,0.029704790474647098,0.029704790474647098,nan,nan,5.645610006334948,0.5704210454569805,5.645610006334948,0.5704210454569799,171.63839698314666,8.772017925895492
10,5,sum_square,budgeted_exploration,True,0,3.0,True,ok,0.05134358063313865,0.05134358063313865,0.05134358063313865,0.36173487462547044,12.22881778939617,6.930646363091224,0.5548155211234598,6.930646363091223,0.554815521123459,79.40274830341339,4.885258999869287
10,5,sum_square,lookahead_budgeted_exploration,True,34,29.75,True,ok,0.05952218644050824,0.05952218644050824,0.05952218644050824,0.35443350054174627,12.368708204417187,6.79075594807021,0.22808085860747937,6.79075594807021,0.22808085860747937,158.24172402381896,11.505154104845081
10,5,sum_square,pure_bo,False,nan,nan,True,ok,0.15412068801040532,0.15412068801040532,0.15412068801040532,nan,nan,71.7540387994829,4.629676344656609,71.7540387994829,4.629676344656609,2.661934769948324,0.5100120863561292
10,5,levy,earlbo,False,nan,nan,True,ok,0.14226213937895812,0.14226213937895812,0.14226213937895812,nan,nan,12.547799526713808,0.17625578293962893,12.547799526713808,0.17625578293962826,197.627333428065,31.476742961136527
10,5,levy,snake,True,0,2.0,True,ok,0.22790375521627296,0.19121531899356392,0.19121531899356392,nan,nan,27.284482059392037,2.8547616543131764,27.284482059392037,2.8547616543131746,61.637948379516594,4.054664293250593
10,5,levy,log_improvement,True,0,1.5,True,ok,0.267315388696121,0.2664513276440022,0.2664513276440022,nan,nan,28.52103213807206,2.1902602153577804,28.52103213807206,2.190260215357781,60.88310956478119,5.291789853521845
10,5,levy,log_improvement_movement_cost,True,7,1.5,True,ok,0.23129226791921584,0.2308711231685522,0.2308711231685522,nan,nan,28.33360816810708,2.165821116954425,28.33360816810708,2.165821116954425,133.0034414211909,16.317477693714604
10,5,levy,log_improvement_movement_cost2,False,nan,nan,True,ok,0.6552938513009602,0.652602441099891,0.652602441099891,nan,nan,9.886855300614041,0.6694890923618944,9.886855300614041,0.6694890923618936,224.66918286005657,33.24200721557269
10,5,levy,optimistic_improvement,True,1,1.5,True,ok,0.23854133376880932,0.23434222496589593,0.23434222496589593,nan,nan,28.34613822584745,1.7901022590510365,28.34613822584745,1.7901022590510365,71.12008574326833,4.7686697948426255
10,5,levy,optimistic_improvement_movement_cost,True,4,4.25,True,ok,0.2617936653815726,0.2617936653815726,0.2617936653815726,nan,nan,28.08017900109679,2.7957825509905967,28.08017900109679,2.795782550990596,161.63659358819325,29.264487037628854
10,5,levy,optimistic_improvement_movement_cost2,False,nan,nan,True,ok,0.6597832716230179,0.6563246824112859,0.6563246824112859,nan,nan,9.880152623330797,0.7060671547852259,9.880152623330796,0.7060671547852261,201.69451901435852,31.442449879877802
10,5,levy,budgeted_exploration,True,5,3.0,True,ok,0.6624372062559554,0.6603742328447165,0.6603742328447165,0.858728931117197,1.7726410512659883,10.775158475447817,0.6893168889844692,10.775158475447817,0.6893168889844696,62.07137661616008,6.737485923688619
10,5,levy,lookahead_budgeted_exploration,True,34,40.75,True,ok,0.6377661590632085,0.6377661590632085,0.6377661590632085,0.8204976369691513,2.2523596658824925,10.295439860831314,0.6203454480027315,10.295439860831314,0.6203454480027315,155.3782001399994,10.23377098375594
10,5,levy,pure_bo,False,nan,nan,True,ok,0.0712021525468235,0.0712021525468235,0.0712021525468235,nan,nan,53.92448911100564,6.366485299056197,53.92448911100564,6.366485299056197,1.0568619267145791,0.3479374906066046
10,5,rosenbrock,earlbo,False,nan,nan,True,ok,18.829364639852187,18.829364639852187,18.829364639852187,nan,nan,39.834585533359935,10.988565255457637,39.834585533359935,10.988565255457631,180.5959786017736,30.742869573480004
10,5,rosenbrock,snake,True,0,1.75,True,ok,16.94101923660848,16.94101923660848,16.94101923660848,nan,nan,17.90125082684166,2.2265668221142434,17.90125082684166,2.2265668221142434,236.64755080064137,67.01919698948016
10,5,rosenbrock,log_improvement,True,0,1.75,True,ok,16.645204224086672,16.35274938668818,16.35274938668818,nan,nan,21.186420143637207,3.2758140683053285,21.186420143637203,3.2758140683053316,83.79301504770915,6.195198516316014
10,5,rosenbrock,log_improvement_movement_cost,True,7,2.25,True,ok,15.740625537260433,15.740625537260433,15.740625537260433,nan,nan,20.57720695867124,4.186104381093844,20.57720695867124,4.186104381093844,365.3816160090764,47.3008225547021
10,5,rosenbrock,log_improvement_movement_cost2,False,nan,nan,True,ok,18.536555955250925,18.434087355924895,18.434087355924895,nan,nan,10.269914540023402,1.3165119303621557,10.269914540023402,1.3165119303621546,279.93082371711733,39.75524147234092
10,5,rosenbrock,optimistic_improvement,True,1,1.75,True,ok,18.516794713379355,18.26107463058418,18.26107463058418,nan,nan,25.940861408287017,2.767163862029135,25.940861408287017,2.7671638620291343,79.31271286010742,9.21335693029904
10,5,rosenbrock,optimistic_improvement_movement_cost,True,6,3.75,True,ok,18.286407777629066,18.12901883187911,18.12901883187911,nan,nan,21.303829700925885,1.9662306189821184,21.303829700925885,1.9662306189821184,130.90482065200806,16.881245613121997
10,5,rosenbrock,optimistic_improvement_movement_cost2,False,nan,nan,True,ok,15.58332780795123,15.381182967158201,15.381182967158201,nan,nan,9.748842668852761,1.426521411837601,9.748842668852761,1.426521411837601,187.11896630605062,25.74141165718417
10,5,rosenbrock,budgeted_exploration,True,5,3.5,True,ok,19.486368363539196,19.22307748203886,19.22307748203886,0.25469285795233165,29.689001098521885,10.145584434838048,1.6336288008313198,10.145584434838048,1.6336288008313198,70.90707226117452,5.408738196900138
10,5,rosenbrock,lookahead_budgeted_exploration,True,33,31.75,True,ok,19.75513599964029,19.600907308578815,19.600907308578815,0.25559286334292947,29.653149756809636,10.1814357765503,1.3446992164218148,10.1814357765503,1.3446992164218148,134.73810886383055,8.632891484709583
10,5,rosenbrock,pure_bo,False,nan,nan,True,ok,29.920781704889965,29.920781704889965,29.920781704889965,nan,nan,49.14341786868224,2.0926907718783183,49.14341786868224,2.0926907718783183,10.81735183874766,57.075628076355066
